date,date_es,scheduled,pending,disabled,scheduled_ar,pending_ar,disabled_ar,scheduled_ca,pending_ca,disabled_ca,scheduled_cl,pending_cl,disabled_cl,scheduled_co,pending_co,disabled_co,scheduled_du,pending_du,disabled_du,scheduled_fd,pending_fd,disabled_fd,scheduled_fs,pending_fs,disabled_fs,scheduled_la,pending_la,disabled_la,scheduled_ma,pending_ma,disabled_ma,scheduled_mo,pending_mo,disabled_mo,scheduled_pa,pending_pa,disabled_pa,scheduled_rn,pending_rn,disabled_rn,scheduled_ro,pending_ro,disabled_ro,scheduled_rv,pending_rv,disabled_rv,scheduled_sa,pending_sa,disabled_sa,scheduled_sj,pending_sj,disabled_sj,scheduled_so,pending_so,disabled_so,scheduled_ta,pending_ta,disabled_ta,scheduled_tt,pending_tt,disabled_tt
2021-05-01,01-05-2021,71648,776453,37303,276,13556,756,3075,154918,7341,777,9738,520,2470,26264,821,1125,5159,154,2640,13150,628,650,7868,197,1467,11635,263,5975,48359,1355,47404,343708,19144,858,20395,673,82,7562,661,300,15919,381,547,9573,513,259,30615,1124,1300,24314,1192,1716,12400,575,395,16652,811,332,4668,194
2021-05-02,02-05-2021,71693,777967,37941,278,13602,762,3105,155084,7478,778,9767,528,2479,26348,832,1125,5186,158,2643,13178,632,652,7872,202,1468,11662,266,5966,48458,1397,47392,344220,19473,860,20474,683,83,7592,663,300,15946,387,547,9628,518,264,30727,1139,1308,24369,1214,1716,12434,591,395,16714,822,334,4706,196
2021-05-03,03-05-2021,71670,782527,38356,277,13710,779,3005,155715,7551,779,9911,534,2490,26546,838,1127,5279,162,2657,13244,632,653,7899,203,1469,11732,266,5976,48722,1415,47410,345898,19696,861,20645,699,83,7646,664,303,16060,390,546,9790,522,266,30994,1155,1322,24513,1231,1717,12541,597,395,16878,824,334,4804,198
2021-05-04,04-05-2021,56839,783123,39088,67,13721,799,1772,155744,7686,631,9942,536,2003,26552,852,910,5314,164,1885,13234,676,471,7895,206,1184,11734,271,4536,48770,1459,40111,346295,20058,301,20686,715,13,7590,671,13,16088,392,127,9853,524,74,30978,1177,898,24501,1247,1387,12554,607,295,16891,847,161,4781,201
2021-05-05,05-05-2021,45051,788665,40011,57,13833,811,1063,156662,7882,497,10065,550,1508,26822,886,714,5384,168,1199,13296,684,349,7949,207,902,11841,273,3150,49243,1499,33231,348303,20482,120,20889,742,20,7678,683,19,16258,397,89,10029,537,85,31183,1199,658,24672,1274,1068,12650,615,262,17030,913,60,4878,209
2021-05-06,06-05-2021,35396,791311,41051,57,13852,864,572,157288,8076,352,10157,558,1027,27005,916,499,5484,173,715,13317,708,223,8011,214,614,11896,276,2078,49477,1539,27606,348731,20928,118,20981,782,20,7728,695,19,16337,400,45,10158,546,84,31305,1263,370,24787,1311,739,12690,635,197,17160,955,61,4947,212
2021-05-07,07-05-2021,226325,593109,49919,6420,7535,894,36219,121697,9043,4689,5713,663,11257,16423,992,1511,4301,275,5371,8318,787,4076,4043,244,5010,7275,414,14149,36543,1850,81260,289835,27079,7054,14161,862,2109,5640,741,5409,11048,434,3160,7122,591,9222,22169,1592,12291,12720,1459,6506,6663,716,9140,8332,1044,1472,3571,239
2021-05-08,08-05-2021,297047,515449,50554,6602,7402,897,48659,109436,9170,4581,5686,667,11306,16091,1006,1295,4321,277,5055,8340,800,4028,4048,246,4743,7326,420,22593,27501,1868,124110,241368,27422,8578,12770,879,2125,5608,745,5410,11092,440,3159,7171,593,14883,16708,1628,13115,12008,1471,6194,6671,721,9129,8405,1063,1482,3497,241
2021-05-09,09-05-2021,456974,361764,50854,6675,7459,902,89292,70867,9208,4622,5746,672,16078,11765,1006,1299,4392,279,6441,7056,803,4060,4070,245,5968,6244,420,29538,21139,1887,219349,146712,27559,9404,12228,899,2557,5232,749,9663,7094,444,3159,7289,599,16658,15318,1649,14437,11076,1490,6830,6161,729,9423,8367,1073,1521,3549,241
2021-05-10,10-05-2021,458641,367890,43660,6743,7525,898,89889,71685,8468,4691,5820,580,16082,12142,952,1300,4505,192,6481,7100,745,4085,4097,220,6011,6314,296,29721,21435,1649,219309,149977,22307,9548,12389,855,2586,5262,707,9770,7185,417,3160,7439,567,16789,15480,1519,14570,11193,1379,6884,6207,662,9476,8533,1027,1546,3602,220
2021-05-11,11-05-2021,475945,349926,44111,7535,6789,904,95176,67652,8557,5227,5363,584,17786,10612,968,1593,4264,198,7001,6611,746,4507,3700,222,6583,5789,296,31316,20015,1669,218175,147414,22490,10549,11550,869,2892,4998,712,10705,6401,420,3704,7052,571,18015,14420,1568,15752,10207,1395,7431,5695,679,10201,7982,1039,1797,3412,224
2021-05-12,12-05-2021,472309,354291,44550,7583,6863,910,95903,68193,8622,5307,5400,587,17635,10924,979,1594,4335,205,6987,6661,754,4550,3724,223,7030,5468,301,31485,20325,1684,212762,149304,22702,10698,11633,873,2898,5032,719,10809,6478,425,3703,7215,577,18067,14647,1608,15781,10428,1419,7485,5766,685,10239,8365,1052,1793,3530,225
2021-05-13,13-05-2021,469569,356885,44870,7546,6955,915,95413,68779,8662,5289,5479,589,17096,11201,999,1568,4405,212,6844,6734,761,4519,3758,227,6937,5569,305,31068,20829,1709,212247,148522,22833,10730,11768,889,2853,5096,723,10816,6577,427,3546,7356,579,17954,14907,1633,15723,10715,1426,7489,5869,689,10212,8733,1066,1719,3633,226
2021-05-14,14-05-2021,443297,348649,44845,6851,6966,915,92780,65307,8648,4275,5618,589,15308,11489,998,1032,4497,212,5858,6719,761,3627,3797,227,5988,5608,305,28861,20586,1708,207921,142298,22827,9955,11613,889,2081,5158,723,9830,6700,427,2928,7530,579,16018,15269,1632,14149,10945,1425,6381,5883,689,8467,9078,1065,987,3588,226
2021-05-15,15-05-2021,399592,351118,45853,5942,6998,895,85066,65592,8812,3187,5705,594,13304,11666,998,461,4470,233,5003,6719,787,2773,3796,234,4952,5626,309,25764,20775,1769,192940,143282,23312,8788,11695,915,1396,5159,726,9011,6767,434,2369,7607,597,13955,15421,1738,12700,11090,1454,5069,5940,707,6743,9186,1109,169,3624,230
2021-05-16,16-05-2021,380411,353636,46324,5121,7052,896,82338,65978,8890,3179,5786,594,11423,11868,1017,0,4493,237,5218,6528,795,2777,3804,239,4751,5658,313,25390,20649,1806,185006,144525,23525,8351,11778,924,1408,5182,729,9008,6848,436,2366,7698,604,11900,15536,1768,10896,11263,1475,4373,5995,720,6736,9323,1126,170,3672,230
2021-05-17,17-05-2021,379735,359699,46595,5131,7182,898,81726,66832,8918,3169,5941,595,11425,12191,1027,0,4571,242,5238,6567,796,2791,3831,240,4745,5764,314,25364,21064,1826,184850,146829,23691,8481,11961,936,1421,5226,731,9002,7009,433,2366,7912,606,11877,15783,1787,10877,11547,1480,4386,6113,724,6716,9635,1121,170,3741,230
2021-05-18,18-05-2021,327478,365282,47049,3723,7302,909,73995,67646,8990,2043,6085,600,9579,12459,1041,0,4646,247,4489,6571,798,2091,3861,240,3858,5819,320,21469,21525,1847,163784,149041,23890,6812,12142,955,752,5270,736,8143,7188,441,0,8063,611,9935,16011,1827,8708,11802,1503,2929,6184,733,4998,9867,1129,170,3800,232
2021-05-19,19-05-2021,298788,352047,47560,2942,7090,923,67995,67175,9051,1167,5988,602,8821,11976,1056,300,4393,254,4095,6209,806,1518,3640,243,3743,5592,328,18911,20891,1864,151595,142091,24124,6745,11417,974,1050,5047,744,7669,7008,441,479,7687,624,8854,15027,1865,7193,11424,1523,1912,5946,746,3558,9829,1154,241,3617,238
2021-05-20,20-05-2021,258469,357436,48091,2166,7168,931,60724,67936,9127,871,6101,603,7488,12140,1083,300,4474,257,3389,6239,810,658,3673,243,2932,5673,333,15403,21369,1892,134849,144386,24380,5601,11715,998,1063,5093,755,6386,7147,444,479,7774,628,6875,15251,1886,5512,11655,1544,1668,6022,756,1855,9967,1182,250,3653,239
2021-05-21,21-05-2021,213321,362043,48983,1277,7239,960,53313,68498,9291,490,6199,607,6328,12270,1117,223,4432,265,2562,6257,826,227,3687,249,2158,5738,342,11646,21811,1940,114278,146629,24735,3955,11953,1021,731,5129,762,5420,7284,449,304,7849,640,4719,15401,1976,3584,11868,1568,1266,6079,779,649,10021,1216,191,3699,240
2021-05-22,22-05-2021,173268,357344,49713,441,7130,978,48440,65452,9419,43,6199,615,4982,12277,1145,37,4169,268,1744,6239,835,12,3673,251,1341,5710,348,7728,21707,2011,95737,145777,25029,2375,11907,1051,584,5131,771,4703,7268,453,76,7804,642,2191,15415,2036,1539,11891,1598,830,6090,785,410,9832,1238,55,3673,240
2021-05-23,23-05-2021,160176,358473,50318,155,7164,984,45435,65709,9528,51,6221,620,3572,12319,1159,40,4178,273,1763,6224,852,14,3673,252,974,5666,354,7679,21886,2042,91406,146404,25283,1948,11931,1068,588,5142,781,4698,7308,457,79,7826,644,312,15263,2082,110,11965,1626,840,6105,796,459,9793,1276,53,3696,241
2021-05-24,24-05-2021,161235,359343,50728,183,7165,987,45982,64745,9581,80,6247,626,3646,12285,1169,52,4195,275,1776,6216,855,40,3616,255,1006,5683,359,7669,22213,2068,91369,147703,25498,2004,12010,1078,604,5163,783,4748,7301,466,121,7832,647,363,15296,2108,159,11981,1645,873,6138,803,465,9875,1282,95,3679,243
2021-05-25,25-05-2021,127689,356414,51315,184,7141,1001,38116,64813,9657,82,6246,630,3006,12115,1186,54,4099,279,1417,6187,859,40,3404,258,398,5673,364,5115,22164,2100,73302,147650,25781,243,11295,1108,282,4966,785,3876,6910,474,123,7544,651,362,14962,2155,162,11970,1667,601,6108,809,231,9580,1304,95,3587,247
2021-05-26,26-05-2021,97040,357276,51938,198,6895,1011,29657,65902,9767,91,6248,640,2374,12192,1201,57,3814,285,1042,6059,868,44,3008,263,115,5562,365,2490,22662,2134,56413,148949,26066,267,11454,1125,44,4824,792,2920,7027,481,123,7352,660,354,14631,2205,176,11660,1688,345,6149,818,227,9352,1318,103,3536,251
2021-05-27,27-05-2021,231262,193835,52652,5196,1764,1035,54323,33286,9859,4475,1923,657,10025,3746,1214,2979,917,290,4792,1659,886,1794,252,202,4488,1211,369,11145,13272,2196,82655,107343,26379,5920,5666,1136,3117,1745,799,5943,2525,486,5089,2069,667,6118,8260,2267,9089,2745,1710,5024,1934,887,6301,2833,1361,2789,685,252
2021-05-28,28-05-2021,320298,74941,52771,6486,308,1039,67670,12432,9853,6205,169,657,10495,2702,1233,3659,165,289,5377,567,885,1979,23,202,5600,83,371,18910,5151,2208,126461,46971,26418,8884,2156,1150,4416,317,797,7054,304,488,6313,493,671,11888,1843,2284,10840,567,1714,6777,120,891,8079,379,1369,3205,191,252
2021-05-29,29-05-2021,305533,83634,56234,6726,577,1117,60140,14783,10198,6195,533,743,10361,3153,1232,4303,385,1277,5238,730,868,2207,42,224,5811,274,475,18767,5781,2404,116012,45172,27653,8904,3877,1213,4611,807,873,7078,553,486,7227,595,682,11807,4098,2369,10938,871,1781,7135,210,891,8623,824,1358,3450,369,390
2021-05-30,30-05-2021,288870,74651,56524,6497,401,1119,55332,14027,10234,6147,294,744,9474,2608,1237,3648,181,1278,5114,592,872,1974,45,224,5552,148,475,17893,5549,2423,110633,44189,27833,8826,2278,1224,4438,260,873,6512,323,489,6331,552,683,11749,1731,2390,10749,637,1784,6761,198,892,8070,427,1360,3170,211,390
2021-05-31,31-05-2021,294310,71309,56995,6676,286,1120,55955,12836,10304,6182,394,746,9904,2249,1256,3744,106,1280,5238,447,874,2000,32,224,5701,82,477,18554,5209,2442,112142,43986,28147,9018,2198,1242,4575,173,879,6674,208,489,6490,455,688,11896,1691,2399,11132,377,1786,7021,54,893,8188,322,1360,3220,204,389
2021-06-01,01-06-2021,264466,66105,57017,5725,293,1119,53309,10458,10302,5105,513,746,8253,2392,1257,3084,122,1280,4284,412,877,1674,36,224,4679,115,477,17139,4208,2448,98531,44769,28164,10015,318,1245,4036,181,876,6075,212,489,5504,434,688,11830,599,2400,9597,398,1785,6207,69,893,6932,356,1358,2487,220,389
2021-06-02,02-06-2021,225497,71254,57042,4701,308,1118,46560,11779,10291,4091,644,746,6508,2586,1256,2568,183,1280,3327,439,877,1356,60,224,3681,190,476,14491,4546,2450,84500,46985,28205,8968,498,1245,3453,222,874,5413,289,489,4457,466,689,10605,726,2401,7979,511,1782,5348,128,893,5638,453,1357,1853,241,389
2021-06-03,03-06-2021,186401,191163,56656,3663,2565,1117,39829,31385,10212,3348,2736,743,4679,6913,1247,2128,2097,1276,2504,2688,874,1007,1279,226,3007,2261,472,11906,11703,2436,70196,98335,27970,7923,4617,1231,2840,2023,868,3975,2112,489,3451,3257,683,9277,5118,2396,6341,4265,1778,4383,3329,894,4477,3032,1355,1467,1448,389
2021-06-04,04-06-2021,169550,196820,56724,2659,3445,1116,35922,33182,10212,2602,3429,743,3163,7993,1252,1727,2536,1278,1766,3221,872,693,1507,225,2525,2719,472,9417,13268,2447,72982,90644,28016,6892,5560,1234,2209,2438,869,3351,2624,488,2577,4001,686,7965,6159,2396,4790,5111,1779,3698,3777,896,3463,3512,1354,1149,1694,389
2021-06-05,05-06-2021,184405,156362,56835,3507,2311,1115,34862,28594,10230,3043,2475,744,4527,5690,1258,2724,1319,1278,2432,2161,878,1051,902,226,3545,1480,474,9548,10985,2457,75416,79267,28066,8114,3207,1240,2749,1441,868,4322,1252,488,3585,2495,687,9609,3736,2405,5723,3156,1782,4628,2233,897,3326,2756,1353,1694,902,389
2021-06-06,06-06-2021,170577,164618,57002,3172,2594,1119,31686,30216,10267,3037,2673,744,3871,5991,1263,2385,1427,1279,2446,2297,880,1050,973,228,2884,1658,473,9079,11500,2468,70813,82147,28150,7430,3469,1251,2755,1581,871,4369,1409,488,3619,2743,686,7716,4145,2409,5054,3418,1782,4296,2459,898,3350,2931,1357,1565,987,389
2021-06-07,07-06-2021,189713,154944,57070,3165,2919,1117,31891,31007,10258,3036,2999,745,3867,6400,1268,2383,1638,1279,2767,2119,880,1052,1069,228,2882,1821,472,9051,12092,2486,86874,69654,28200,8215,3054,1255,2761,1732,871,4383,1631,487,3615,3058,687,8578,3726,2408,5174,3701,1784,5076,2005,898,3373,3173,1358,1570,1146,389
2021-06-08,08-06-2021,153085,160240,57113,2620,3152,1120,24583,32623,10259,2266,3228,748,3478,6619,1274,1934,1782,1280,2413,2208,881,702,1132,229,2435,1964,473,6988,12489,2495,71403,69776,28214,6694,3407,1254,2150,1861,871,3677,1814,487,2770,3275,688,7013,4140,2408,4320,3902,1785,4209,2261,900,2241,3381,1358,1189,1226,389
2021-06-09,09-06-2021,113892,170362,57359,2087,3413,1127,16827,34600,10311,1756,3501,748,3105,6774,1283,1479,1973,1284,2057,2327,884,703,1178,235,1982,2152,472,4926,13006,2513,52909,73853,28322,5165,3734,1263,1550,2000,873,2944,2092,490,1910,3392,690,5431,4580,2424,3442,4239,1789,3442,2597,901,1253,3588,1360,924,1363,390
2021-06-10,10-06-2021,101773,144207,51464,2165,2857,946,18310,26932,9534,2252,2785,613,5134,4373,1181,1321,2019,263,1978,2019,807,789,1038,195,1900,1840,335,7976,8092,2191,39027,67041,26288,4079,3179,1171,1679,1575,767,1718,1944,328,1837,3396,617,4125,4177,2243,2977,3883,1602,2275,2639,859,1369,3187,1331,862,1231,193
2021-06-11,11-06-2021,112191,127370,51514,1915,2989,948,19512,25429,9535,2038,2999,611,4632,4574,1181,1083,2083,264,1732,2096,804,725,1058,197,1452,1963,336,7221,8442,2193,52877,50789,26304,4164,2816,1235,1471,1639,769,1408,2083,334,1540,3511,618,4527,3361,2245,2301,4086,1609,1675,2817,866,1282,3325,1272,636,1310,193
2021-06-12,12-06-2021,108042,130669,51559,1917,3059,962,18436,26221,9570,1997,3110,611,4565,4685,1185,1029,2131,264,1687,2128,803,658,1082,198,1223,2022,338,7210,8677,2202,51078,52232,26331,4106,2670,1180,1417,1654,766,1254,2141,334,1541,3579,620,4521,3458,2240,2150,4211,1625,1514,2909,869,1245,3350,1268,494,1350,193
2021-06-13,13-06-2021,104990,134061,51620,1917,3149,961,17656,26926,9573,2000,3200,621,4573,4813,1184,1030,2173,267,1705,2184,805,657,1097,198,1232,2104,337,7209,8873,2213,48755,53672,26355,3997,2674,1181,1440,1696,766,1254,2190,334,1540,3671,620,4613,3527,2239,2145,4316,1625,1514,2998,877,1253,3422,1269,500,1376,195
2021-06-14,14-06-2021,143585,101253,51602,3328,1937,953,28799,16603,9569,3343,2101,612,6166,3478,1184,1946,1311,267,2602,1382,805,1168,626,199,2162,1314,338,9017,7380,2225,56056,48464,26340,4946,1926,1182,2187,1042,768,2100,1475,335,3379,2057,620,5945,2493,2236,3942,2743,1624,2404,2248,880,3084,1723,1269,1011,950,196
2021-06-15,15-06-2021,133114,104281,51553,3066,2116,954,26485,17851,9547,3106,2283,613,5773,3661,1182,1687,1380,269,2356,1437,804,1063,654,199,1984,1411,339,8555,7708,2227,52865,47868,26311,4307,2107,1181,2010,1129,767,2049,1616,335,3027,2212,619,5367,2763,2232,3632,2893,1625,2088,2412,882,2889,1772,1271,805,1008,196
2021-06-16,16-06-2021,131088,96154,51613,3064,1766,955,27988,14666,9544,3750,1605,612,6235,2980,1187,1576,1281,269,2247,1329,805,1065,580,197,1790,1208,339,9212,6937,2240,48210,48200,26338,4024,1887,1183,1374,1062,767,2161,1331,337,3151,1919,623,4898,2899,2234,4136,2206,1627,2388,1895,886,2890,1472,1273,929,931,197
2021-06-17,17-06-2021,137694,79870,51571,2630,1803,955,27422,13812,9523,3605,1698,611,5894,3063,1191,1619,1066,270,2039,1379,804,989,584,197,1629,1263,339,9081,6847,2241,59216,32615,26311,3558,1869,1181,1216,1101,765,1947,1316,336,2994,1907,622,4430,2952,2236,3850,2293,1629,1961,1959,887,2675,1371,1276,939,972,197
2021-06-18,18-06-2021,207372,13443,51533,4514,75,954,36247,5778,9513,5455,32,613,8890,217,1189,2690,41,270,3161,177,802,1601,0,197,2954,24,341,16127,84,2246,86085,6217,26280,5609,1,1180,2371,22,763,3364,32,336,4940,108,622,7288,310,2236,6201,105,1627,4022,0,888,3962,139,1277,1891,81,199
2021-06-19,19-06-2021,197675,13309,51270,4350,103,952,34720,6386,9417,5382,33,610,8262,232,1182,2464,41,269,2812,197,802,1277,0,196,2807,50,338,15873,109,2240,83260,5072,26162,5063,2,1174,2172,23,762,3102,70,334,4671,153,621,6699,462,2229,5787,122,1622,3771,8,886,3292,158,1275,1911,88,199
2021-06-20,20-06-2021,195556,16423,50722,4416,118,949,34227,7132,9253,5471,74,603,8372,251,1161,2502,41,269,2841,215,795,1289,0,196,2820,93,335,15647,233,2219,80904,6777,25910,5195,1,1159,2256,29,759,3155,112,330,4726,216,619,6708,666,2211,5889,165,1604,3847,22,882,3344,179,1269,1947,99,199
2021-06-21,21-06-2021,200082,84149,7572,4867,1115,116,34432,20409,1266,5743,1125,67,9012,1300,214,2626,385,47,2952,1198,97,1480,69,32,2863,585,54,16383,2306,539,80806,43241,3809,5271,1477,219,2373,1140,57,3405,364,55,4786,1260,57,6732,3500,405,6123,2288,222,4180,954,104,3953,1087,192,2095,346,20
2021-06-22,22-06-2021,186668,92410,6836,4267,1359,97,32332,22070,1136,4610,1429,60,7224,1639,189,2479,489,45,2573,1316,89,1375,107,28,2873,696,48,15880,2802,470,78138,46184,3501,5126,1748,191,2348,1335,49,3301,470,52,4206,1425,55,6294,3892,347,5034,2637,190,3680,1096,97,3242,1277,171,1686,439,21
2021-06-23,23-06-2021,175645,98877,6257,3641,1504,91,29985,23370,1040,4344,1625,55,6575,1867,175,2493,556,41,2584,1407,79,1269,135,27,2634,768,41,15556,3180,438,75068,48801,3244,3573,1913,175,2126,1419,42,3267,577,49,3939,1575,53,6001,4153,302,4344,2884,163,3684,1210,88,2880,1447,134,1682,486,20
2021-06-24,24-06-2021,166980,103918,5828,3380,1628,87,27941,24393,978,4342,1754,49,6322,2055,162,2476,596,39,2589,1459,78,1158,165,24,2630,828,36,14103,3481,408,72060,50852,3025,3579,2047,165,1970,1502,37,2969,667,40,3653,1698,50,5741,4335,276,4198,3062,144,3694,1295,81,2524,1544,131,1651,557,18
2021-06-25,25-06-2021,155932,109186,5295,3152,1722,73,24679,25427,918,3934,1914,46,5976,2236,144,2438,644,35,2592,1524,74,1038,195,23,2565,881,31,12119,3805,378,69378,53079,2759,3557,2174,140,1856,1590,36,2703,747,36,3411,1776,46,5421,4524,233,4072,3253,123,3432,1397,74,2170,1683,110,1439,615,16
2021-06-26,26-06-2021,145059,113348,4640,2925,1833,62,22091,26307,797,3302,2069,35,5502,2393,127,2436,670,27,2599,1576,71,931,218,19,2572,926,27,10114,4062,345,66298,54690,2457,3550,2296,123,1725,1659,32,2524,823,29,3153,1833,38,5043,4618,185,3697,3410,99,3442,1489,64,1834,1795,91,1321,681,12
2021-06-27,27-06-2021,143828,117926,3956,2925,1967,41,21451,27193,707,3302,2232,19,5507,2521,112,2439,704,23,2605,1640,55,931,233,19,2577,982,23,10107,4329,289,65700,56413,2155,3544,2408,113,1724,1749,23,2530,890,24,3156,1913,32,5038,4875,128,3693,3602,73,3448,1585,58,1831,1944,51,1320,746,11
2021-06-28,28-06-2021,143529,123547,3706,2924,2103,39,21373,28150,683,3299,2429,19,5507,2755,90,2434,761,24,2606,1717,53,931,260,19,2578,1054,20,10101,4631,270,65504,58523,2040,3536,2587,98,1723,1850,22,2546,960,22,3159,2053,30,5026,5172,108,3684,3826,66,3453,1722,53,1827,2153,39,1318,841,11
2021-06-29,29-06-2021,122440,129586,3661,2554,2263,40,17275,29272,676,3019,2683,19,4770,2973,92,2181,811,24,2196,1780,52,689,296,18,2314,1148,20,9253,4956,266,57098,60888,2010,2475,2700,96,1394,1983,20,2149,1033,22,2838,2211,30,4088,5447,107,3258,4038,66,2980,1874,53,977,2303,38,932,927,12
2021-06-30,30-06-2021,101268,135970,3459,2175,2405,38,13161,30369,650,2533,2859,20,3884,3179,90,1845,855,24,1930,1858,53,410,329,18,1699,1239,19,8176,5325,247,48064,63553,1881,2044,2849,85,1125,2112,20,1849,1148,24,2370,2434,29,3135,5743,94,2783,4263,65,2494,2001,54,881,2449,36,710,1000,12
2021-07-01,01-07-2021,80567,141710,3386,1793,2575,39,10459,31392,632,2110,3074,20,3077,3386,78,1594,972,24,1646,1931,53,238,360,18,1226,1310,20,7251,5679,240,37528,65738,1830,1604,2973,87,962,2183,20,1255,1251,24,1941,2626,29,2229,6026,96,2309,4474,73,2087,2112,55,727,2574,37,531,1074,11
2021-07-02,02-07-2021,80349,148153,3227,2326,2742,38,10174,32424,620,2411,3278,20,3445,3601,75,1534,1062,24,1612,2018,50,308,400,18,1300,1402,20,7679,6052,229,33200,68245,1713,2026,3133,83,1331,2285,18,1491,1367,25,2240,2961,29,2539,6402,90,2858,4691,74,2181,2250,54,992,2670,36,702,1170,11
2021-07-03,03-07-2021,63684,150829,3133,1787,2817,38,8206,32874,617,1906,3366,21,2902,3680,77,1312,1094,24,1132,2038,50,303,412,17,1201,1473,20,7276,6257,218,24399,69346,1637,1987,3172,84,990,2330,20,1175,1412,25,1645,3017,29,1970,6587,84,2261,4787,73,1854,2293,52,850,2662,36,528,1212,11
2021-07-04,04-07-2021,59270,154065,3009,1778,2897,38,7366,33418,598,1904,3465,20,2237,3780,69,1304,1112,22,1129,2084,48,303,430,17,1186,1512,19,5793,6503,209,23654,70575,1570,1447,3253,81,990,2380,19,1171,1476,25,1644,3080,26,1900,6838,83,2247,4903,71,1847,2364,47,847,2741,36,523,1254,11
2021-07-05,05-07-2021,176019,49209,2864,5016,80,37,23028,18946,572,5645,76,19,5668,965,63,2492,48,22,3150,193,42,762,0,15,2845,0,17,12859,0,199,70822,28889,1502,5029,0,74,3582,8,19,2880,0,24,4996,0,24,9405,2,75,7588,0,66,4453,0,46,3871,0,37,1928,2,11
2021-07-06,06-07-2021,203406,16199,2652,4868,89,32,27029,13964,537,5481,76,19,5395,1027,61,2246,48,22,2911,190,41,794,0,13,2645,0,17,12019,220,181,97858,88,1383,4824,0,63,3494,20,15,2926,1,23,4849,1,24,8612,465,69,7401,1,63,4225,0,45,3940,9,33,1889,0,11
2021-07-07,07-07-2021,209778,6151,2493,4545,94,30,37183,3252,513,5372,73,18,4822,1106,56,1960,48,22,2711,183,41,811,0,13,2336,0,17,10941,521,162,98533,55,1288,5029,0,56,3385,25,15,2859,25,23,4694,1,23,7952,761,69,7131,0,60,3854,0,45,3995,7,31,1665,0,11
2021-07-08,08-07-2021,202597,7487,2343,4462,97,27,36426,3926,463,5186,73,15,4481,1159,50,1512,47,21,2516,183,39,832,0,12,2126,0,15,10159,741,151,96632,121,1225,5014,0,56,3005,33,15,2132,58,22,4134,0,22,7838,1037,68,7001,0,58,3856,1,42,3546,11,31,1739,0,11
2021-07-09,09-07-2021,187873,10033,2098,3996,103,22,35878,4404,408,4705,73,15,4224,1198,44,1464,47,17,2467,176,37,756,0,9,2112,0,14,9250,942,134,85939,1508,1112,4712,0,48,3057,40,11,2185,79,20,4317,0,20,7781,1315,55,6156,77,53,3515,0,41,3601,71,28,1758,0,10
2021-07-10,10-07-2021,176802,12154,1868,3886,108,19,35286,4697,367,4594,82,15,3996,1244,39,1479,47,17,2389,181,30,530,0,6,2029,0,14,8891,1115,110,76966,2816,996,4808,0,40,3063,41,10,2109,100,19,4368,50,17,7605,1446,46,6190,108,49,3228,0,39,3620,119,27,1765,0,8
2021-07-11,11-07-2021,175424,14283,1718,3961,111,16,35025,5000,345,4688,87,15,4028,1310,37,1509,47,16,2422,185,28,549,0,4,2065,0,12,7475,1249,104,76898,4097,922,4565,4,33,3120,42,8,2143,116,16,4389,128,16,7612,1573,40,6260,161,43,3291,0,32,3636,173,24,1788,0,7
2021-07-12,12-07-2021,177304,18763,1565,4076,155,11,35298,5716,305,4849,141,15,4068,1477,32,1555,67,16,2497,207,27,577,10,3,2136,18,11,7480,1563,95,77361,6277,861,4683,49,27,3203,82,7,2207,178,13,4415,333,14,7622,1826,38,6359,299,32,3396,30,29,3668,301,22,1854,34,7
2021-07-13,13-07-2021,165294,2977,1448,3010,23,10,37680,210,275,3790,1,15,4247,62,31,572,34,13,1979,37,25,186,0,3,1289,0,11,8157,24,84,73099,2380,815,4047,47,26,1959,9,7,1912,1,12,3430,35,13,8836,2,38,5463,17,25,2042,0,21,2860,84,19,736,11,5
2021-07-14,14-07-2021,148783,6161,1364,2133,21,8,36679,917,259,2932,1,13,3980,132,27,671,29,13,1661,43,25,278,0,2,1525,0,10,7903,36,70,62521,4506,784,3672,159,23,1947,11,5,2163,1,10,2860,55,13,9249,7,37,4633,121,24,1039,0,18,2005,108,19,932,14,4
2021-07-15,15-07-2021,125039,9638,1297,1447,28,5,32004,1647,249,2033,109,11,3606,215,27,600,28,11,1114,56,23,298,0,2,1065,0,9,7442,55,65,51369,6659,749,2881,296,22,1138,18,5,1615,1,10,2183,74,13,8503,17,37,3510,250,22,1156,0,16,2079,168,17,996,17,4
2021-07-16,16-07-2021,108182,12477,1151,1594,27,4,28554,2372,233,2107,211,11,2914,271,22,652,28,11,1086,99,19,333,0,2,992,0,9,6427,293,52,39964,7766,675,2906,440,19,1212,30,4,1713,40,9,2290,174,9,8690,16,31,2505,419,14,1258,0,12,2127,266,12,858,25,3
2021-07-17,17-07-2021,92953,13279,1077,1656,28,3,25597,2712,218,2143,254,11,2577,316,17,667,29,10,1090,118,18,326,0,2,1030,2,9,5682,385,48,29937,7762,642,2104,492,18,1182,34,4,1714,64,9,2300,229,9,8716,22,26,1934,495,11,1311,0,10,2108,306,9,879,31,3
2021-07-18,18-07-2021,92611,16596,1077,1777,33,3,24647,3386,218,2200,342,11,2661,400,17,716,29,10,1104,161,18,345,0,2,1077,6,9,5732,571,48,29596,9467,642,2111,585,18,1249,41,4,1753,111,9,2318,312,9,8948,36,26,1957,610,11,1386,0,10,2116,454,9,918,52,3
2021-07-19,19-07-2021,95544,24310,997,2025,64,3,25082,5045,200,2293,577,7,2828,581,17,814,31,10,1145,259,17,401,0,2,1124,57,7,5837,979,45,30505,13019,603,2136,835,17,1363,59,4,1821,244,9,2333,535,9,9162,393,21,2000,836,9,1519,18,7,2154,695,9,1002,83,1
2021-07-20,20-07-2021,82486,29399,983,2058,192,3,22323,6098,196,2271,757,7,2655,741,17,765,70,10,960,330,17,411,19,2,1131,108,7,4314,1301,45,24328,14939,594,2145,994,17,1395,99,3,1781,335,10,2207,714,8,8030,680,21,1447,986,9,1377,73,7,1937,836,9,951,127,1
2021-07-21,21-07-2021,104942,1706,972,2054,47,3,26149,17,193,2813,1,7,3567,95,17,877,19,10,1337,52,16,468,0,2,1181,1,7,4751,2,44,36179,579,589,2765,415,17,1494,7,3,2164,125,10,3131,32,8,8063,1,20,2598,3,9,1508,49,7,2679,260,9,1164,1,1
2021-07-22,22-07-2021,93998,3611,940,2174,59,3,22227,567,181,1736,94,7,3407,213,16,892,39,9,1414,34,15,470,8,2,1201,31,7,4761,144,42,32340,960,575,2780,530,17,1536,41,3,1914,197,10,3174,140,8,5683,174,20,2632,81,9,1536,95,7,2918,163,9,1203,41,0
2021-07-23,23-07-2021,88242,230,913,2405,0,3,19689,13,174,1871,1,7,3462,0,16,997,17,9,1559,0,12,500,1,2,1245,0,7,3869,1,42,30338,39,563,3525,0,16,1077,11,3,2251,0,10,2720,13,8,4003,0,18,3101,0,9,1673,79,5,2684,55,9,1273,0,0
2021-07-24,24-07-2021,62840,211,888,1155,0,3,16037,7,167,1447,0,7,1845,0,16,189,17,9,782,0,11,161,0,2,389,0,7,2658,0,42,25985,24,549,2340,0,16,440,10,3,939,1,10,1496,11,8,2840,4,17,1839,0,9,349,81,5,1499,56,7,450,0,0
2021-07-25,25-07-2021,62554,259,850,782,0,3,16614,9,153,1513,0,6,1944,0,16,204,19,9,798,0,11,174,0,2,424,3,7,2822,6,40,24768,31,534,2081,0,12,469,11,2,1005,1,9,1567,12,8,2999,11,17,1936,1,9,398,96,5,1568,56,7,488,3,0
2021-07-26,26-07-2021,64189,300,819,857,1,3,15824,7,149,1615,0,6,2079,0,15,225,19,9,840,0,9,191,0,2,458,14,6,3017,12,39,25826,30,516,2174,0,12,511,15,2,1072,0,9,1667,13,8,3161,14,14,2045,1,8,444,102,5,1661,59,7,522,13,0
2021-07-27,27-07-2021,46777,489,786,770,1,3,12645,24,142,1074,2,6,1174,1,15,83,25,9,651,1,9,90,4,2,203,31,6,2268,17,38,20251,58,495,1693,2,11,243,31,2,838,2,8,1226,35,7,1542,43,14,835,5,8,276,124,5,532,63,6,383,20,0
2021-07-28,28-07-2021,44052,559,764,868,0,3,11556,10,134,1085,0,6,1325,2,15,128,26,8,487,0,9,97,3,2,192,34,6,2464,23,35,17675,36,486,1808,0,11,286,29,2,827,13,8,1302,84,6,1762,47,14,920,32,8,328,134,5,629,64,6,313,22,0
2021-07-29,29-07-2021,46737,830,738,948,0,2,11512,9,126,1208,0,5,1472,0,12,163,26,8,528,0,9,102,4,2,229,37,6,2635,55,35,19084,31,473,1901,0,11,331,35,2,898,23,8,1307,217,6,1964,70,14,968,90,8,369,143,5,749,63,6,369,27,0
2021-07-30,30-07-2021,45576,1085,737,1021,0,2,10438,9,126,1269,0,5,1532,0,12,172,26,8,542,0,9,106,4,2,242,42,6,2019,149,35,19006,31,472,1956,3,11,377,39,2,937,27,8,1314,301,6,2066,74,14,1012,128,8,390,150,5,790,63,6,387,39,0
2021-08-02,02-08-2021,35957,1382,663,456,5,0,9009,70,108,1269,4,4,1532,12,11,172,27,8,514,8,6,106,3,2,242,41,5,1356,178,28,12332,166,431,1834,7,9,377,42,2,797,32,4,1314,300,7,2067,89,10,1012,148,4,391,161,2,790,49,22,387,40,0
2021-08-03,03-08-2021,29604,7216,663,453,178,0,6360,1161,108,1267,166,4,1259,214,11,172,66,8,479,97,6,105,18,2,240,129,5,1352,544,28,9374,2547,431,1832,156,9,366,135,2,540,127,4,1310,518,7,2061,377,10,1007,306,4,391,237,2,788,138,22,248,102,0
2021-08-04,04-08-2021,22114,12774,620,451,326,0,4306,2287,97,710,296,3,1253,436,8,171,115,9,475,165,6,105,40,2,239,199,5,1313,843,26,6117,4676,408,1112,303,6,230,219,0,490,241,4,1305,713,7,1575,659,10,1006,510,4,223,317,3,786,261,22,247,168,0
2021-08-05,05-08-2021,15439,16665,601,450,418,0,2582,3052,90,506,424,3,1039,560,8,171,146,9,474,206,6,4,50,2,199,263,5,1307,1065,25,3625,6193,399,504,391,7,230,288,0,223,313,4,1304,842,7,697,878,8,1005,621,4,221,384,3,651,357,21,247,214,0
2021-08-06,06-08-2021,8895,19209,615,450,479,0,1193,3519,91,505,494,3,960,673,8,0,182,9,227,220,6,0,56,2,199,297,5,759,1245,25,1693,7141,400,504,440,7,230,324,6,214,370,4,760,952,7,112,1002,12,350,716,4,221,417,3,483,419,23,35,263,0
2021-08-07,07-08-2021,337,20659,616,0,520,0,0,3825,84,0,542,3,0,738,8,0,196,9,0,237,5,0,59,2,0,317,5,0,1355,25,300,7657,400,37,462,7,0,341,6,0,402,4,0,1020,10,0,1074,14,0,749,4,0,441,3,0,439,27,0,285,0
2021-08-08,08-08-2021,0,21989,653,0,543,0,0,4095,83,0,584,3,0,790,7,0,211,9,0,253,5,0,62,2,0,335,5,0,1440,25,0,8205,400,0,492,7,0,358,6,0,425,4,0,1064,10,0,1126,37,0,792,4,0,452,13,0,467,27,0,295,6
2021-08-09,09-08-2021,0,24392,664,0,594,0,0,4520,83,0,671,3,0,856,7,0,237,9,0,294,5,0,76,2,0,376,5,0,1579,25,0,9119,403,0,572,7,0,402,6,0,470,4,0,1170,10,0,1236,37,0,877,4,0,497,13,0,517,27,0,329,14
2021-08-10,10-08-2021,27415,760,679,691,0,0,5184,12,86,887,4,3,1048,8,9,234,46,9,397,1,5,76,12,2,466,3,5,1832,0,25,9595,426,406,609,69,7,399,89,9,549,10,4,1391,6,10,1383,45,37,1006,28,5,595,0,16,655,1,27,418,0,14
2021-08-11,11-08-2021,30837,574,679,799,0,0,5738,21,86,1037,36,3,1212,0,9,319,4,9,467,10,5,102,0,2,540,7,5,2017,23,25,10833,110,406,736,41,7,446,114,9,611,26,4,1537,29,10,1497,74,37,1118,39,5,643,7,16,719,27,27,466,6,14
2021-08-12,12-08-2021,31422,2883,685,837,49,0,6000,253,86,1079,105,3,1334,0,9,337,23,9,483,57,5,110,0,2,553,48,5,2049,166,24,10642,1290,406,736,111,7,462,143,14,634,65,5,1565,144,10,1509,202,37,1208,73,5,679,23,16,721,88,28,484,43,14
2021-08-13,13-08-2021,32350,4379,689,861,104,0,6313,356,86,1115,144,3,1479,0,9,349,31,9,488,86,5,126,0,2,574,72,5,2163,235,23,10685,2092,406,741,168,7,471,162,15,655,106,5,1599,209,10,1532,276,40,1256,110,5,708,30,16,732,137,29,503,61,14
2021-08-14,14-08-2021,32736,5415,694,875,138,0,6448,473,86,1133,177,3,1536,0,9,355,42,10,492,99,5,128,0,2,580,86,5,2216,265,23,10685,2635,404,747,187,7,482,164,20,660,138,5,1612,251,10,1541,337,40,1283,134,5,717,43,16,733,170,30,513,76,14
2021-08-15,15-08-2021,51934,6544,692,1189,153,0,11808,641,84,1425,229,3,9431,5,9,500,47,10,577,118,5,566,0,2,1218,94,5,2466,335,23,10696,3140,405,772,215,7,708,178,20,1763,159,5,1723,285,10,1624,415,40,3125,184,4,854,60,16,807,201,30,682,85,14
2021-08-16,16-08-2021,51121,8932,692,1188,231,0,11360,956,84,1425,338,3,9171,56,9,506,66,10,591,132,5,561,11,2,1170,119,5,2500,490,23,10630,4127,405,776,279,7,709,228,20,1753,208,5,1732,389,10,1624,535,40,3077,288,4,856,101,16,799,269,30,693,109,14
2021-08-17,17-08-2021,20825,12078,694,226,309,0,4106,1600,82,293,499,3,661,173,9,146,92,10,139,166,5,62,22,2,217,159,5,1539,700,23,10495,5178,404,161,341,5,103,276,21,371,268,5,663,558,10,809,685,40,394,395,4,153,151,16,159,340,31,128,166,19
2021-08-18,18-08-2021,18331,12477,691,270,304,0,3558,1308,81,408,487,3,876,19,9,151,99,10,111,184,5,88,1,2,175,165,5,1056,805,22,8987,5771,401,141,395,5,144,263,21,394,286,5,286,643,10,637,778,40,551,286,4,175,172,16,156,354,33,167,157,19
2021-08-19,19-08-2021,14857,14603,699,255,372,0,3010,1550,82,416,584,3,917,34,9,153,112,10,97,223,5,91,2,2,175,188,5,549,958,23,7024,6681,402,134,468,7,136,302,21,258,321,5,277,741,13,361,896,40,551,353,4,171,216,16,132,425,33,150,177,19
2021-08-20,20-08-2021,11578,16189,696,241,428,0,2624,1715,81,405,650,3,990,39,9,162,129,10,83,260,5,104,0,2,155,205,5,461,1076,23,4442,7336,401,127,526,7,132,339,21,263,347,4,279,807,13,206,978,40,517,423,4,162,256,16,89,477,33,136,198,19
2021-08-21,21-08-2021,8325,17481,727,238,464,1,2235,1937,98,388,690,3,974,92,9,153,143,10,79,282,6,101,4,2,120,220,5,403,1162,24,1951,7821,412,126,553,7,127,358,21,179,365,4,261,860,13,160,1033,40,509,481,4,155,282,16,59,517,33,107,217,19
2021-08-22,22-08-2021,8685,18278,727,239,502,1,2438,1921,98,401,719,3,1038,65,9,166,146,10,82,303,6,107,0,2,134,221,5,394,1235,24,1975,8264,412,67,590,7,128,383,21,202,373,4,281,889,13,169,1070,40,519,520,4,158,302,16,66,547,33,121,228,19
2021-08-23,23-08-2021,8977,19963,727,239,545,1,2547,2127,97,420,770,3,1092,83,9,180,162,10,85,327,6,106,4,2,145,227,5,418,1325,24,1985,8989,413,67,655,7,128,421,21,211,415,4,284,985,13,173,1146,40,525,578,4,160,347,16,72,608,33,140,249,19
2021-08-24,24-08-2021,9941,20451,745,239,614,1,2616,2323,99,434,832,3,1144,102,9,189,163,10,87,338,8,107,8,2,156,243,5,427,1439,24,1798,9555,413,75,687,7,128,442,28,221,449,5,1225,116,16,172,1218,40,534,621,4,163,367,19,74,662,33,152,272,19
2021-08-25,25-08-2021,9371,21557,754,239,654,1,2636,2532,100,438,862,3,1152,126,9,192,171,10,88,357,8,107,11,2,158,261,5,432,1526,24,1168,9968,414,75,723,7,128,443,35,224,462,5,1229,158,16,174,1281,40,537,655,4,163,392,19,74,686,33,157,289,19
2021-08-26,26-08-2021,32488,118,754,950,0,1,5497,13,100,1363,0,3,1357,0,9,370,18,10,471,3,8,122,0,2,449,0,5,2095,8,25,11461,55,413,866,0,7,573,17,35,734,4,5,1457,0,16,1555,0,40,1284,0,4,582,0,19,827,0,33,475,0,19
2021-08-27,27-08-2021,33631,329,754,994,0,1,5737,12,101,1409,0,3,1422,0,9,383,20,10,499,4,8,130,0,2,483,0,5,2212,10,25,11669,256,413,905,0,7,600,17,35,760,4,5,1500,4,15,1620,0,40,1329,1,4,608,0,19,858,1,33,513,0,19
2021-08-28,28-08-2021,33999,747,751,1022,0,1,5902,12,101,1431,0,3,1450,0,9,389,21,10,510,4,8,130,0,2,491,0,5,2270,10,25,11548,665,413,927,0,7,612,17,35,781,3,5,1515,5,15,1649,0,40,1355,1,4,623,0,19,867,9,30,527,0,19
2021-08-29,29-08-2021,34507,1126,751,1036,0,1,6064,12,101,1456,0,3,1488,0,9,402,21,10,523,4,8,131,0,2,500,0,5,2333,12,25,11513,1032,413,950,0,7,628,17,35,798,3,5,1534,7,15,1693,0,40,1402,1,4,633,0,19,878,17,30,545,0,19
2021-08-30,30-08-2021,36749,148,751,1075,0,1,6304,13,101,1487,0,3,1539,0,9,416,21,10,538,4,8,133,0,2,515,0,5,2402,34,25,12918,33,413,1011,0,7,649,17,35,820,3,5,1581,15,15,1740,0,40,1470,2,4,658,0,19,930,6,30,563,0,19
2021-08-31,31-08-2021,35122,299,749,1107,0,1,5867,13,101,1287,0,3,744,0,9,316,22,9,531,4,8,135,0,2,466,0,5,2320,146,25,13427,35,413,1052,0,7,663,17,35,832,3,5,1323,20,15,1736,0,40,1323,2,4,666,0,18,899,37,30,428,0,19
2021-09-01,01-09-2021,35081,684,749,1138,7,1,5759,66,101,1311,9,3,553,11,9,305,23,9,546,7,8,137,1,2,414,4,5,2233,238,25,13798,144,413,1081,5,7,691,19,35,833,6,5,1089,33,15,1819,10,40,1360,14,4,679,11,18,903,75,30,432,1,19
2021-09-02,02-09-2021,34713,1332,747,1125,1,1,5627,93,101,1346,7,3,535,8,9,278,19,9,558,3,8,128,0,2,431,7,5,2186,339,24,13809,678,412,1129,0,7,708,17,35,785,3,5,886,37,15,1817,1,40,1330,4,4,683,17,18,911,93,30,441,5,19
2021-09-03,03-09-2021,33532,1966,738,1036,0,1,5496,167,99,1333,14,3,458,14,9,261,17,9,549,4,8,90,0,2,439,8,5,2153,394,24,13453,1077,411,1164,6,7,705,17,30,722,3,5,655,42,15,1829,54,39,1157,6,4,672,19,18,917,114,30,443,10,19
2021-09-04,04-09-2021,32111,2451,731,1010,0,1,5030,198,99,1206,19,3,371,19,9,255,16,9,522,8,8,47,0,2,433,9,5,2106,445,24,13071,1393,409,1177,6,7,639,15,30,711,3,5,638,47,14,1814,106,36,1149,10,4,572,21,18,916,122,29,444,14,19
2021-09-05,05-09-2021,32191,3156,699,1022,0,1,4915,337,99,1230,25,3,358,25,9,263,17,9,533,9,8,50,0,2,454,9,5,2092,487,24,13083,1820,408,1159,8,6,660,17,30,722,4,5,666,49,14,1814,156,13,1198,11,4,584,28,16,927,136,29,461,18,14
2021-09-06,06-09-2021,38230,3883,692,1431,0,1,5055,1342,99,1431,80,3,527,255,9,375,9,9,736,28,8,54,67,2,659,39,5,2208,927,24,15828,20,408,1406,12,6,815,39,30,924,3,5,1049,67,14,1843,409,13,1495,223,4,676,130,16,1150,181,29,568,52,7
2021-09-07,07-09-2021,24262,5376,686,784,0,1,2880,1703,100,558,90,3,409,282,8,188,10,9,395,47,8,22,62,2,399,45,5,1320,1015,24,12126,821,407,730,26,6,497,39,29,573,3,5,902,73,14,602,485,12,923,258,4,277,138,13,416,212,29,261,67,7
2021-09-08,08-09-2021,17791,7358,684,738,39,1,1443,2090,99,536,145,3,408,329,8,145,25,9,283,80,8,11,72,2,392,66,5,733,1168,24,8354,1683,407,718,55,6,431,52,28,524,31,5,889,138,14,446,546,12,806,315,4,276,168,13,399,268,29,259,88,7
2021-09-09,09-09-2021,19606,693,682,654,9,1,2886,168,99,583,15,3,785,17,8,90,2,9,363,14,8,80,7,2,477,15,5,1550,64,23,6630,214,407,796,14,6,420,14,28,259,21,5,990,0,14,913,51,12,964,38,4,425,8,13,572,22,28,169,0,7
2021-09-10,10-09-2021,14402,2038,675,307,28,1,2689,457,99,471,53,3,589,48,8,74,9,9,172,31,8,78,10,2,409,33,5,1486,162,23,3900,797,405,767,51,6,338,29,26,239,36,5,770,32,14,622,90,11,578,80,3,292,30,13,505,51,27,116,11,7
2021-09-11,11-09-2021,10684,877,670,77,27,2,2768,132,99,175,53,3,408,50,8,47,2,8,105,26,8,74,11,2,93,36,5,1381,67,23,3171,219,405,202,61,6,91,14,22,49,41,5,280,0,14,659,17,11,429,56,3,198,32,13,349,33,26,128,0,7
2021-09-12,12-09-2021,10589,1271,665,79,31,2,2768,219,99,175,66,3,408,63,8,49,3,8,105,29,8,74,13,2,93,43,5,1382,95,23,3173,396,405,84,74,6,96,14,22,49,46,4,282,8,14,659,25,11,431,69,3,200,37,13,352,40,26,130,0,3
2021-09-13,13-09-2021,10598,1891,664,81,36,2,2768,319,99,175,76,3,408,89,8,49,7,8,105,48,8,74,15,2,93,54,5,1382,138,23,3173,674,405,87,93,6,96,18,22,49,55,4,282,29,14,659,47,11,432,90,3,200,43,13,353,53,26,132,7,2
2021-09-14,14-09-2021,7747,1872,663,99,4,2,2519,57,99,186,10,3,218,6,8,30,6,8,61,30,8,23,4,2,109,9,5,1022,53,23,1319,1602,405,239,12,6,75,13,22,120,10,4,300,18,14,520,10,11,570,8,3,118,3,13,187,10,25,32,7,2
2021-09-15,15-09-2021,9823,791,662,125,9,2,2485,83,99,228,14,3,274,7,8,29,8,8,82,36,8,34,4,2,118,14,5,995,57,23,3297,323,404,204,30,6,90,14,22,156,10,4,325,73,14,547,53,11,421,17,3,127,5,13,239,14,25,47,20,2
2021-09-16,16-09-2021,10473,1149,660,139,20,2,2801,125,99,266,20,3,318,10,8,45,8,8,103,40,8,39,4,2,136,21,5,1052,122,22,3342,339,404,206,60,6,100,18,22,176,10,4,325,136,13,468,128,11,470,31,3,160,6,13,266,24,25,61,27,2
2021-09-17,17-09-2021,10922,2401,659,174,35,2,2869,228,99,305,24,3,368,14,8,64,8,8,131,47,8,54,6,2,170,27,5,994,236,22,3449,984,403,206,138,6,123,39,22,225,12,4,324,200,13,467,204,11,435,112,3,196,8,13,283,36,25,85,43,2
2021-09-18,18-09-2021,8781,2886,637,131,46,2,2015,255,86,269,27,3,375,18,8,43,10,8,133,51,7,53,7,2,174,28,5,544,268,22,3441,1277,395,203,154,6,44,42,22,209,11,4,116,221,13,147,238,11,401,128,3,202,14,13,231,41,25,50,50,2
2021-09-19,19-09-2021,9130,3480,635,140,54,2,2147,288,86,275,39,3,406,28,8,50,10,8,148,57,7,57,9,2,187,29,5,560,320,22,3503,1626,394,177,184,5,49,45,22,224,13,4,116,240,13,149,265,11,427,146,3,209,21,13,249,49,25,57,57,2
2021-09-20,20-09-2021,9627,4707,635,157,62,2,2310,508,86,284,50,3,455,33,8,60,11,8,158,61,7,61,11,2,201,36,5,581,432,22,3613,2306,394,177,217,5,54,50,22,245,16,4,116,273,13,151,314,11,449,183,3,215,24,13,273,58,25,67,62,2
2021-09-21,21-09-2021,10791,1593,620,145,31,2,1522,265,85,348,18,3,454,29,8,75,8,8,184,13,5,53,13,2,188,13,5,751,128,21,4448,670,392,206,84,5,88,35,18,273,18,4,363,49,10,450,70,11,546,86,3,246,11,11,323,40,25,128,12,2
2021-09-22,22-09-2021,10396,1800,612,156,32,2,1330,290,85,383,21,3,490,32,8,86,9,8,120,15,5,55,15,2,213,14,5,817,153,21,3999,757,391,203,91,5,96,36,11,296,19,4,371,79,10,449,74,11,591,95,3,249,13,11,351,41,25,141,14,2
2021-09-23,23-09-2021,10309,2266,611,170,31,2,1419,296,85,422,24,3,464,34,8,97,10,8,132,15,5,59,15,2,232,16,5,773,248,21,3931,1046,390,216,93,5,114,35,11,208,19,4,375,120,10,464,77,11,613,118,3,219,17,11,246,40,25,155,12,2
2021-09-24,24-09-2021,10205,2846,609,193,34,2,1401,328,84,459,31,3,438,35,8,103,10,8,128,20,5,54,15,2,245,17,5,795,317,21,3818,1426,390,237,99,5,125,38,11,221,21,3,386,149,10,437,80,11,568,148,3,196,21,11,234,45,25,167,12,2
2021-09-25,25-09-2021,8008,3266,608,106,36,2,1372,377,84,179,34,3,166,36,8,27,10,8,135,23,5,15,14,2,119,19,5,617,375,21,3548,1675,389,259,101,5,71,39,11,72,23,3,272,170,10,458,83,11,271,168,3,91,24,11,141,47,25,89,12,2
2021-09-26,26-09-2021,8336,3718,607,111,40,2,1437,412,84,208,36,3,199,38,8,28,17,8,147,25,5,17,14,2,120,35,5,623,429,20,3618,1962,389,270,104,5,80,41,11,87,23,3,273,188,10,487,86,11,283,178,3,94,26,11,157,48,25,97,16,2
2021-09-27,27-09-2021,8619,4924,607,130,41,2,1412,607,84,230,48,3,232,53,8,29,32,8,155,35,5,21,17,2,122,66,5,631,536,20,3713,2534,389,268,152,5,92,51,11,111,34,3,277,242,10,517,108,11,308,225,3,96,35,11,178,74,25,97,34,2
2021-09-28,28-09-2021,8027,2217,607,136,52,2,1250,356,84,150,30,3,285,42,8,44,11,8,186,20,5,25,17,2,148,30,5,708,186,20,3492,990,389,212,67,5,110,36,11,131,26,3,278,76,10,234,101,11,316,88,3,125,17,11,169,44,25,28,28,2
2021-09-29,29-09-2021,7762,2638,607,151,60,2,1127,381,84,172,30,3,303,44,8,58,10,8,153,21,5,31,17,2,138,35,5,763,194,20,3243,1341,389,174,68,5,129,38,11,131,28,3,327,83,10,191,106,11,329,89,3,151,18,11,163,44,25,28,31,2
2021-09-30,30-09-2021,7712,3244,606,118,76,2,1170,462,83,190,33,3,322,47,8,69,10,8,166,21,5,31,19,2,133,38,5,781,254,20,2992,1753,389,212,72,5,143,39,11,144,27,3,369,89,10,193,110,11,351,94,3,166,19,11,130,47,25,32,34,2
2021-10-01,01-10-2021,7007,5260,606,116,110,2,1088,850,83,169,84,3,268,131,8,64,28,8,94,56,5,32,25,2,126,67,5,758,466,20,2705,2483,389,219,123,5,118,64,11,127,66,3,315,137,10,185,196,11,337,194,3,122,45,11,131,79,25,33,56,2
2021-10-02,02-10-2021,5536,5268,598,15,111,1,978,851,83,56,84,3,123,132,8,63,31,8,51,56,5,5,25,2,94,67,5,573,467,20,2314,2484,387,219,123,5,30,64,11,31,66,3,309,137,8,170,196,11,285,194,3,57,45,9,130,79,25,33,56,1
2021-10-03,03-10-2021,5478,5268,598,15,111,1,949,851,83,56,84,3,123,132,8,63,31,8,51,56,5,5,25,2,94,67,5,573,467,20,2314,2484,387,190,123,5,30,64,11,31,66,3,309,137,8,170,196,11,285,194,3,57,45,9,130,79,25,33,56,1
2021-10-04,04-10-2021,5384,6738,598,15,129,1,884,1134,83,56,118,3,123,168,8,63,45,8,51,72,5,5,31,2,94,91,5,568,585,20,2291,3160,387,189,153,5,30,71,11,31,101,3,309,172,8,170,227,11,285,252,3,57,56,9,130,106,25,33,67,1
2021-10-05,05-10-2021,3763,8717,598,14,174,1,600,1454,83,56,174,4,105,211,8,49,64,8,44,102,5,0,34,2,93,122,5,531,742,20,1447,4029,388,138,207,5,17,91,10,30,153,3,136,238,8,147,298,11,161,313,3,57,89,9,111,138,25,27,84,0
2021-10-06,06-10-2021,13748,58,597,201,0,1,2266,13,83,259,0,4,356,0,8,122,0,8,164,4,5,37,0,2,247,0,5,1364,14,20,5964,15,388,393,0,5,133,8,9,207,3,3,432,0,8,496,0,11,524,1,3,166,0,9,286,0,25,131,0,0
2021-10-07,07-10-2021,13458,61,596,219,0,1,2258,12,83,288,0,4,419,0,7,106,0,8,146,4,5,39,0,2,222,0,5,1468,13,20,5389,21,388,421,0,5,141,8,9,227,3,3,491,0,8,496,0,11,541,0,3,151,0,9,286,0,25,150,0,0
2021-10-08,08-10-2021,13618,287,595,227,0,1,2406,0,83,287,0,4,426,0,7,124,0,8,160,4,5,41,0,2,224,0,5,1223,14,20,5516,269,387,459,0,5,171,0,9,259,0,3,550,0,8,439,0,11,518,0,3,158,0,9,290,0,25,140,0,0
2021-10-09,09-10-2021,12411,443,594,160,0,1,2265,0,83,146,0,4,287,0,7,90,0,8,167,4,5,41,0,2,144,0,5,1138,15,20,5597,424,386,288,0,5,91,0,9,203,0,3,435,0,8,452,0,11,510,0,3,114,0,9,137,0,25,146,0,0
2021-10-10,10-10-2021,12881,614,594,172,0,1,2365,0,83,163,3,4,308,0,7,94,0,8,174,5,5,42,0,2,158,2,5,1193,17,20,5728,579,386,232,0,5,110,0,9,226,0,3,456,8,8,474,0,11,551,0,3,133,0,9,149,0,25,153,0,0
2021-10-11,11-10-2021,13679,986,593,183,0,1,2561,0,83,186,4,4,329,0,7,105,0,8,201,5,5,49,0,2,179,2,5,1292,21,20,5901,905,385,256,0,5,126,0,9,253,0,3,474,44,8,505,0,11,581,0,3,146,5,9,185,0,25,167,0,0
2021-10-12,12-10-2021,11377,1599,593,194,0,1,2806,1,83,190,13,4,218,0,7,110,0,8,168,9,5,38,0,2,174,7,5,1020,23,20,3756,1457,385,285,0,5,94,0,9,278,0,3,492,77,8,530,0,11,553,1,3,137,11,9,158,0,25,176,0,0
2021-10-13,13-10-2021,10231,26,593,212,0,1,2109,1,83,229,1,4,268,0,7,122,3,8,192,1,5,45,0,2,209,0,5,695,16,20,3376,3,385,130,0,5,112,0,9,313,0,3,619,0,8,570,1,11,522,0,3,132,0,9,190,0,25,186,0,0
2021-10-14,14-10-2021,9508,267,593,234,0,1,1709,1,83,244,0,4,315,0,7,131,5,8,151,1,5,49,0,2,234,1,5,516,16,20,3252,222,385,154,0,5,128,1,9,341,0,3,669,6,8,300,3,11,559,0,3,120,4,9,208,6,25,194,1,0
2021-10-15,15-10-2021,7922,655,593,170,0,1,1338,24,83,74,0,4,315,0,7,95,1,8,108,6,5,51,0,2,116,1,5,436,28,20,3005,525,385,181,1,5,123,4,9,292,0,3,642,31,8,252,3,11,236,0,3,65,6,9,217,24,25,206,1,0
2021-10-16,16-10-2021,4773,1068,593,38,0,1,739,90,83,65,0,4,145,0,7,25,2,8,67,18,5,15,0,2,60,1,5,272,69,20,2515,766,385,105,1,5,38,8,9,103,0,3,188,65,8,97,3,11,164,0,3,61,11,9,49,33,25,27,1,0
2021-10-17,17-10-2021,4996,1502,593,45,0,1,766,180,83,87,0,4,166,0,7,31,3,8,70,29,5,17,0,2,65,1,5,294,112,20,2574,1015,385,77,3,5,45,9,9,118,0,3,190,89,8,112,3,11,177,0,3,68,15,9,60,39,25,34,4,0
2021-10-18,18-10-2021,5189,2504,592,59,5,1,780,384,83,95,6,4,196,22,7,40,11,8,72,49,5,19,2,2,72,9,5,304,209,20,2597,1503,384,77,23,5,55,16,9,135,10,3,194,138,8,113,31,11,190,10,3,76,21,9,74,49,25,41,6,0
2021-10-19,19-10-2021,6349,48,592,76,0,1,1023,0,83,112,0,4,231,0,7,49,4,8,118,1,5,22,0,2,98,0,5,397,30,20,2769,1,384,137,0,5,70,12,9,185,0,3,372,0,8,179,0,11,206,0,3,107,0,9,144,0,25,54,0,0
2021-10-20,20-10-2021,6385,258,592,88,0,1,898,19,83,132,0,4,267,0,7,61,5,8,137,1,5,24,0,2,102,3,5,404,103,20,2775,111,384,78,0,5,87,12,9,216,0,3,415,4,8,117,0,11,255,0,3,106,0,9,162,0,25,61,0,0
2021-10-21,21-10-2021,6267,1210,550,90,13,1,895,221,77,133,7,4,265,28,7,61,8,8,141,13,5,25,2,2,102,16,5,398,215,18,2736,503,379,81,21,4,89,19,5,220,25,3,414,52,6,114,20,9,240,17,3,88,13,5,113,12,9,62,5,0
2021-10-22,22-10-2021,5777,2512,549,90,38,1,872,462,77,131,32,4,226,62,7,61,14,8,116,32,5,25,7,2,102,39,5,376,330,18,2425,1061,378,80,48,4,88,30,5,193,68,3,414,101,6,101,55,9,229,49,3,76,33,5,110,38,9,62,13,0
2021-10-23,23-10-2021,3867,3226,549,9,63,1,725,604,77,11,50,4,31,81,7,1,17,8,75,46,5,2,9,2,27,50,5,274,388,18,2109,1350,378,80,70,4,14,35,5,48,86,3,202,123,6,98,72,9,44,78,3,37,38,5,70,53,9,10,13,0
2021-10-24,24-10-2021,3835,3912,549,9,82,1,721,723,77,11,66,4,31,94,7,1,22,8,75,56,5,2,10,2,27,59,5,273,449,18,2082,1653,378,80,81,4,14,44,5,48,105,3,202,143,6,98,89,9,44,102,3,37,46,5,70,66,9,10,22,0
2021-10-25,25-10-2021,3819,5081,549,9,118,1,717,956,77,11,90,4,31,128,7,1,36,8,75,71,5,2,15,2,27,87,5,271,543,18,2074,2110,378,80,107,4,14,54,5,48,139,3,202,188,6,97,125,9,44,136,3,36,63,5,70,89,9,10,26,0
2021-10-26,26-10-2021,7429,68,549,159,0,1,1294,0,77,104,0,4,184,0,7,39,8,8,154,1,5,23,0,2,140,0,5,859,19,18,3030,1,378,172,10,4,63,3,5,214,0,3,307,6,6,214,3,9,189,0,3,113,0,5,144,6,9,27,11,0
2021-10-27,27-10-2021,7723,218,549,180,0,1,1405,46,77,120,0,4,220,0,7,48,8,8,130,1,5,32,0,2,156,26,5,682,71,18,3184,0,378,164,10,4,66,3,5,253,0,3,337,20,6,189,7,9,224,4,3,122,0,5,172,6,9,39,16,0
2021-10-28,28-10-2021,8158,574,549,221,0,1,1393,187,77,142,0,4,248,0,7,53,8,8,141,1,5,37,0,2,150,54,5,696,129,18,3430,44,378,180,11,4,84,3,5,282,0,3,341,42,6,190,23,9,251,4,3,114,0,5,160,48,9,45,20,0
2021-10-29,29-10-2021,8082,1137,549,247,7,1,1371,362,77,153,0,4,243,1,7,61,8,8,74,10,5,40,3,2,157,85,5,707,190,18,3351,223,378,200,14,4,91,3,5,269,4,3,353,76,6,185,48,9,272,5,3,93,0,5,165,74,9,50,24,0
2021-10-30,30-10-2021,7118,1503,550,122,9,1,1223,459,77,96,0,4,136,12,7,38,8,8,59,14,5,18,3,2,138,100,5,590,233,18,3452,353,378,200,29,4,55,3,5,144,13,3,234,87,6,180,61,9,141,9,3,68,0,5,167,85,10,57,25,0
2021-10-31,31-10-2021,7221,1967,550,123,10,1,1227,562,77,103,1,4,151,21,7,41,8,8,60,22,5,22,3,2,140,111,5,597,280,18,3504,563,378,162,42,4,60,3,5,156,16,3,236,104,6,180,76,9,149,21,3,78,0,5,169,98,10,63,26,0
2021-11-01,01-11-2021,7565,2797,550,132,25,1,1236,775,77,126,6,4,165,32,7,48,11,8,63,48,5,31,3,2,144,128,5,608,383,18,3662,854,378,161,66,4,68,3,5,185,29,3,247,140,6,178,96,9,164,48,3,99,0,5,170,116,10,78,34,0
2021-11-02,02-11-2021,4439,3675,550,133,49,1,655,919,77,127,18,4,164,61,7,48,13,8,60,69,5,31,5,2,144,144,5,571,460,18,1361,1260,378,161,85,4,36,11,5,186,45,3,81,156,6,178,109,9,158,83,3,99,15,5,168,132,10,78,41,0
2021-11-03,03-11-2021,8956,77,549,203,0,1,1723,9,77,167,0,3,267,0,7,65,8,8,143,4,5,47,0,2,314,0,5,1076,42,18,2994,0,378,257,3,4,52,3,5,246,4,3,265,0,6,303,4,9,261,0,3,129,0,5,316,0,10,128,0,0
2021-11-04,04-11-2021,8766,299,548,221,0,1,1610,81,76,186,0,3,301,0,7,74,9,8,148,24,5,53,0,2,257,3,5,1094,120,18,2920,1,378,280,3,4,59,3,5,259,16,3,302,15,6,186,4,9,255,20,3,118,0,5,300,0,10,143,0,0
2021-11-05,05-11-2021,8618,817,548,242,0,1,1646,285,76,172,2,3,302,0,7,80,8,8,105,45,5,59,0,2,260,23,5,922,244,18,3065,16,378,306,5,4,74,3,5,202,34,3,312,43,6,142,41,10,194,45,3,115,0,5,322,23,9,98,0,0
2021-11-06,06-11-2021,6362,1056,551,109,0,1,1237,397,76,99,1,3,182,0,7,32,8,8,94,58,5,25,0,2,199,35,5,542,293,18,2705,16,378,154,7,4,33,3,5,87,44,3,227,57,6,139,48,10,135,54,6,70,0,5,189,35,9,104,0,0
2021-11-07,07-11-2021,6445,1565,551,117,0,1,1240,510,76,105,1,3,201,0,7,37,8,8,97,62,5,28,0,2,199,46,5,548,353,18,2709,286,378,137,8,4,37,3,5,108,49,3,227,74,6,139,62,10,141,64,6,76,0,5,193,39,9,106,0,0
2021-11-08,08-11-2021,6546,2566,551,123,6,1,1238,695,76,113,4,3,234,10,7,43,13,8,97,86,5,34,1,2,202,61,5,544,464,18,2705,769,378,135,23,4,48,7,5,121,62,3,232,100,6,140,92,10,144,103,6,84,6,5,198,59,9,111,5,0
2021-11-09,09-11-2021,9705,86,552,141,0,1,2104,1,76,129,0,3,210,0,7,49,11,8,195,7,5,42,0,2,266,6,5,892,31,18,3823,16,379,171,0,4,66,4,5,205,0,3,366,0,6,259,10,10,276,0,6,105,0,5,278,0,9,128,0,0
2021-11-10,10-11-2021,10139,174,552,153,0,1,2011,76,76,158,0,3,251,0,7,62,11,8,203,7,5,47,0,2,270,15,5,954,30,18,4221,16,379,53,0,4,72,4,5,237,0,3,389,0,6,280,12,10,249,3,6,98,0,5,297,0,9,134,0,0
2021-11-11,11-11-2021,8845,484,552,167,0,1,1698,229,76,174,0,3,253,0,7,69,14,8,158,7,5,51,0,2,272,31,5,961,122,18,3200,16,379,58,4,4,76,5,5,263,4,3,409,16,6,211,26,10,268,4,6,107,0,5,312,3,9,138,3,0
2021-11-12,12-11-2021,7906,785,552,124,0,1,1550,378,76,77,0,3,203,0,7,76,15,8,168,8,5,42,0,2,136,36,5,704,184,18,3244,16,379,58,17,4,87,6,5,281,4,3,386,51,6,148,49,10,218,13,6,92,0,5,170,4,9,142,4,0
2021-11-13,13-11-2021,5380,944,552,57,0,1,992,440,76,86,0,3,92,0,7,25,17,8,140,8,5,13,0,2,70,45,5,638,230,18,2358,16,379,58,25,4,32,8,5,138,8,3,165,61,6,138,57,10,191,19,6,38,0,5,130,4,9,19,6,0
2021-11-14,14-11-2021,5556,1249,552,62,0,1,994,521,76,97,0,3,109,0,7,28,18,8,142,18,5,19,0,2,71,48,5,643,275,18,2456,140,379,44,33,4,33,12,5,151,12,3,167,71,6,138,63,10,197,25,6,45,0,5,140,6,9,20,7,0
2021-11-15,15-11-2021,5719,1894,552,71,0,1,1002,649,76,111,2,3,135,0,7,32,20,8,148,26,5,27,0,2,78,55,5,655,348,18,2442,504,379,43,42,4,42,19,5,189,14,3,174,89,6,138,73,10,209,37,6,51,0,5,146,8,9,26,8,0
2021-11-16,16-11-2021,7248,578,554,89,0,1,1439,61,77,115,11,3,158,0,7,33,23,8,148,37,5,27,4,2,142,0,5,671,192,19,3205,17,379,97,6,4,48,29,5,212,18,3,179,113,6,211,15,10,218,44,6,59,0,5,162,1,9,35,7,0
2021-11-17,17-11-2021,6438,1087,555,99,0,1,1326,159,77,117,16,3,176,7,7,41,19,9,152,53,5,28,7,2,152,10,5,663,261,19,2411,277,379,64,7,4,53,38,5,251,22,3,182,128,6,225,16,10,226,58,6,63,1,5,171,1,9,38,7,0
2021-11-18,18-11-2021,6346,1822,555,96,17,1,1342,262,77,117,25,3,167,30,7,42,32,9,64,62,5,28,12,2,152,14,5,661,335,19,2403,644,379,79,9,4,53,41,5,251,56,3,181,158,6,247,17,10,226,84,6,58,11,5,139,2,9,40,11,0
2021-11-19,19-11-2021,5528,2533,554,96,28,1,1328,374,77,117,41,3,139,60,7,43,37,9,19,68,5,28,19,2,152,24,5,660,412,19,1838,961,380,90,10,4,53,53,4,139,90,3,181,195,6,267,17,9,226,114,6,31,14,5,73,3,9,48,13,0
2021-11-20,20-11-2021,2333,2981,555,0,30,1,786,448,77,0,52,3,7,71,7,10,40,10,0,72,5,0,24,2,69,31,5,257,453,19,878,1187,380,90,16,4,0,55,4,0,114,3,0,205,6,139,19,9,0,125,6,8,21,5,76,3,9,13,15,0
2021-11-21,21-11-2021,2337,3365,558,0,37,1,783,515,78,0,56,3,9,82,7,10,43,10,0,79,5,0,24,2,69,34,5,257,497,19,878,1359,382,91,21,4,0,60,4,0,130,3,0,211,6,138,24,9,0,142,6,9,28,5,80,7,9,13,16,0
2021-11-22,22-11-2021,2336,4096,559,0,46,1,783,639,78,0,69,3,12,104,7,10,45,10,0,91,5,0,30,2,69,39,5,254,586,19,869,1679,382,91,29,4,0,71,4,0,152,4,0,233,6,135,49,9,0,162,6,10,33,5,90,11,9,13,28,0
2021-11-23,23-11-2021,1586,4875,560,0,58,1,95,755,78,0,76,3,12,127,7,10,50,10,0,99,5,0,33,2,65,55,5,247,669,20,863,2040,382,91,40,4,0,82,4,0,176,4,0,261,6,135,60,9,0,182,6,10,40,5,58,30,9,0,42,0
2021-11-24,24-11-2021,2671,3426,560,0,70,1,70,891,78,0,89,3,12,153,7,10,54,10,0,101,5,0,36,2,65,69,5,360,380,20,2012,606,382,0,48,4,0,90,4,0,199,4,0,278,6,74,21,9,0,200,6,10,47,5,58,47,9,0,47,0
2021-11-25,25-11-2021,2162,4192,561,0,88,1,0,1022,78,0,102,3,0,178,7,5,58,10,0,110,5,0,39,2,0,75,5,360,470,20,1717,959,382,0,56,4,0,92,4,0,218,5,0,295,6,80,27,9,0,231,6,0,60,5,0,61,9,0,51,0
2021-11-26,26-11-2021,2146,334,563,0,2,1,0,67,78,0,5,3,0,7,7,0,2,10,0,7,5,0,2,2,0,5,5,361,36,20,1705,137,382,0,2,4,0,3,4,0,17,7,0,8,6,80,10,9,0,11,6,0,2,5,0,6,9,0,5,0
2021-11-27,27-11-2021,2139,859,563,0,5,1,0,166,78,0,7,3,0,22,7,0,3,10,0,13,5,0,5,2,0,7,5,361,95,20,1699,370,382,0,9,4,0,7,4,0,32,7,0,36,6,79,25,9,0,26,6,0,5,5,0,13,9,0,13,0
2021-11-28,28-11-2021,2125,1371,564,0,12,1,0,278,79,0,12,3,0,32,7,0,8,10,0,18,5,0,5,2,0,13,5,361,151,20,1687,612,382,0,12,4,0,14,4,0,42,7,0,49,6,77,32,9,0,38,6,0,5,5,0,22,9,0,16,0
2021-11-29,29-11-2021,2106,6648,565,0,115,1,0,1504,80,0,123,3,0,239,7,0,72,10,0,137,5,0,47,2,0,104,5,357,745,20,1672,2041,382,0,79,4,0,113,4,0,281,7,0,380,6,77,105,9,0,297,6,0,78,5,0,117,9,0,71,0
2021-11-30,30-11-2021,5151,4381,567,0,130,1,0,1655,80,0,139,3,77,183,7,0,73,10,0,153,5,0,46,2,0,116,5,956,201,22,3870,196,383,73,18,4,0,114,4,0,289,7,0,404,6,175,47,9,0,322,6,0,80,5,0,136,8,0,79,0
2021-12-01,01-12-2021,3013,5192,568,0,137,1,0,1785,80,0,153,3,77,206,7,0,76,10,0,158,6,0,47,2,0,119,5,585,291,22,2181,593,383,73,27,4,0,123,4,0,305,7,0,426,6,97,73,9,0,342,6,0,85,5,0,150,8,0,96,0
2021-12-02,02-12-2021,2991,5965,569,0,149,1,0,1924,81,0,163,3,75,229,7,0,84,10,0,171,6,0,49,2,0,125,5,578,403,22,2168,929,383,73,34,4,0,131,4,0,323,7,0,446,6,97,95,9,0,356,6,0,94,5,0,161,8,0,99,0
2021-12-03,03-12-2021,3039,6517,570,0,165,1,0,2014,81,0,170,3,78,240,7,0,91,10,0,175,6,0,51,2,0,135,5,601,442,22,2171,1202,383,92,24,4,0,135,4,0,340,8,0,467,6,97,113,9,0,386,6,0,100,5,0,162,8,0,105,0
2021-12-04,04-12-2021,3034,6935,571,0,166,1,0,2093,81,0,174,3,78,247,7,0,89,10,0,184,6,0,50,2,0,146,5,601,488,23,2164,1408,383,95,24,4,0,139,4,0,351,8,0,476,6,96,122,9,0,403,6,0,107,5,0,161,8,0,107,0
2021-12-05,05-12-2021,3011,7385,572,0,168,1,0,2159,82,0,180,3,78,260,7,0,91,10,0,189,6,0,52,2,0,156,5,600,554,23,2140,1627,383,97,23,4,0,143,4,0,363,8,0,482,6,96,131,9,0,418,6,0,117,5,0,163,8,0,109,0
2021-12-06,06-12-2021,3031,8076,570,0,179,1,0,2276,83,0,185,3,79,293,7,0,94,10,0,197,6,0,54,2,0,165,5,618,618,23,2141,1951,383,97,35,4,0,146,4,0,380,8,0,503,6,96,151,9,0,443,3,0,123,5,0,172,8,0,111,0
2021-12-07,07-12-2021,9790,239,572,185,0,1,2354,0,83,192,0,3,297,24,7,93,3,10,190,11,6,56,0,2,170,1,5,897,30,23,3082,66,383,117,29,4,153,3,4,396,0,9,526,0,6,198,65,9,469,0,3,128,0,5,173,7,9,114,0,0
2021-12-08,08-12-2021,8789,480,572,195,0,1,2436,3,83,200,0,3,316,25,7,95,3,10,195,11,6,58,0,2,180,1,5,716,30,23,2232,296,383,28,34,4,155,3,4,406,0,9,543,0,6,114,65,9,479,0,3,143,0,5,180,9,9,118,0,0
2021-12-09,09-12-2021,9081,728,571,209,0,1,2525,0,83,203,0,3,336,25,7,100,3,10,205,11,6,60,0,2,189,1,5,750,69,23,2256,506,382,41,35,4,156,3,4,419,0,9,553,0,6,124,65,9,484,0,3,155,0,5,195,10,9,121,0,0
2021-12-10,10-12-2021,9313,962,571,222,0,1,2609,0,83,210,0,3,368,2,7,104,3,10,217,9,6,62,0,2,198,1,5,739,105,23,2263,700,382,46,40,4,159,3,4,433,0,9,572,0,6,126,88,9,493,0,3,162,0,5,207,11,9,123,0,0
2021-12-11,11-12-2021,9421,1162,571,223,0,1,2660,19,83,212,0,3,374,7,7,106,3,10,223,9,6,64,0,2,206,1,5,745,141,23,2259,824,382,46,44,4,161,3,4,439,1,9,579,0,6,126,99,9,495,2,3,166,0,5,212,9,9,125,0,0
2021-12-12,12-12-2021,9519,1412,571,226,0,1,2679,47,83,217,0,3,383,10,7,108,3,10,230,9,6,65,0,2,211,1,5,759,173,23,2252,996,382,46,50,4,169,3,4,453,0,9,588,0,6,125,103,9,499,8,3,168,0,5,215,9,9,126,0,0
2021-12-13,13-12-2021,9693,1879,571,241,0,1,2706,104,83,226,0,3,405,19,7,114,3,10,234,9,6,67,0,2,210,2,5,773,250,23,2263,1274,382,46,60,4,177,3,4,467,0,9,605,0,6,124,130,9,507,16,3,173,0,5,225,9,9,130,0,0
2021-12-14,14-12-2021,8267,163,572,245,0,1,2474,0,83,233,0,3,439,4,7,118,0,10,237,9,6,17,0,2,221,2,5,444,29,24,1742,59,382,115,1,4,183,3,4,411,0,9,159,0,6,151,45,9,542,1,3,184,0,5,232,9,9,120,1,0
2021-12-15,15-12-2021,7855,388,572,258,0,1,2032,1,83,237,0,3,461,4,7,123,0,10,238,9,6,19,0,2,234,2,5,480,29,24,1644,275,382,80,1,4,191,3,4,430,0,9,172,0,6,165,52,9,553,0,3,177,0,5,240,9,9,121,3,0
2021-12-16,16-12-2021,7454,617,570,266,0,1,1834,0,82,246,1,3,444,4,7,128,0,10,211,10,6,23,0,2,99,2,5,514,29,23,1591,479,382,85,6,4,198,3,4,438,4,9,187,3,6,161,63,9,578,0,3,177,0,5,148,9,9,126,4,0
2021-12-17,17-12-2021,5876,863,569,272,0,1,1222,14,82,252,2,3,283,4,7,134,0,9,77,11,6,21,0,2,82,2,5,557,29,23,1564,682,382,85,18,4,93,3,4,335,8,9,201,4,6,145,73,9,224,0,3,140,0,5,68,9,9,121,4,0
2021-12-18,18-12-2021,3119,1078,569,27,0,1,393,58,82,22,2,3,99,4,7,16,0,9,15,13,6,10,0,2,20,2,5,514,29,23,1492,840,382,85,21,4,17,3,4,74,7,9,57,5,6,86,81,9,86,0,3,42,0,5,54,9,9,10,4,0
2021-12-19,19-12-2021,3151,1396,568,37,0,1,397,127,82,28,3,3,103,4,7,16,0,9,19,19,6,11,0,2,31,2,5,530,55,23,1492,1014,381,46,29,4,18,3,4,80,12,9,61,6,6,86,94,9,89,4,3,42,7,5,55,12,9,10,5,0
2021-12-20,20-12-2021,3238,1969,568,42,0,1,396,256,82,28,12,3,133,6,7,21,0,8,19,24,6,12,0,2,36,2,5,535,141,23,1492,1294,382,46,38,4,29,3,4,94,22,9,67,8,6,86,109,9,92,9,3,45,10,5,55,24,9,10,11,0
2021-12-21,21-12-2021,3579,442,566,46,0,1,398,82,81,41,5,4,117,5,7,26,2,8,32,21,6,13,1,2,39,3,5,553,58,23,1636,125,380,97,8,4,32,13,4,123,12,9,81,8,6,104,51,9,108,18,3,57,7,5,66,15,9,10,8,0
2021-12-22,22-12-2021,3435,1082,565,52,6,1,437,160,81,42,14,4,130,17,7,29,2,8,31,31,6,13,4,2,32,22,5,394,159,23,1613,407,380,68,10,4,36,19,4,143,28,8,81,30,6,91,67,9,109,43,3,57,22,5,67,27,9,10,14,0
2021-12-23,23-12-2021,2622,1636,565,14,13,1,375,239,81,18,20,4,39,31,7,8,3,8,17,39,6,1,13,2,5,29,5,254,248,22,1573,648,381,73,14,4,6,25,4,62,39,8,15,42,6,93,91,9,20,61,3,12,34,5,27,29,9,10,18,0
2021-12-24,24-12-2021,2661,1996,566,15,14,1,381,292,81,18,23,4,41,45,7,8,6,8,17,46,6,1,18,2,5,34,5,269,315,23,1580,802,381,74,21,4,6,29,4,68,45,8,15,44,6,93,103,9,20,69,3,12,41,5,28,30,9,10,19,0
2021-12-25,25-12-2021,2681,2358,566,16,17,1,386,355,81,18,26,4,44,59,7,8,9,8,17,50,6,1,18,2,5,39,5,273,356,23,1583,959,382,74,24,4,6,36,4,72,53,7,15,52,6,93,121,9,20,84,3,12,45,5,28,33,9,10,22,0
2021-12-26,26-12-2021,2677,2837,565,18,22,1,384,426,81,18,29,4,44,75,7,8,12,8,17,53,6,1,20,2,5,46,5,281,453,24,1566,1154,382,74,34,4,6,37,4,76,57,5,15,65,6,93,140,9,20,99,3,12,53,5,29,38,9,10,24,0
2021-12-27,27-12-2021,2697,3829,567,18,47,1,392,583,81,18,42,4,43,99,7,8,17,8,17,65,6,1,24,2,5,61,5,285,616,24,1569,1546,384,74,54,4,6,49,4,83,83,5,14,80,6,93,182,9,20,133,3,12,66,5,29,49,9,10,33,0
2021-12-28,28-12-2021,4340,1565,566,18,63,1,661,369,79,23,52,4,73,91,7,8,22,8,17,78,6,1,33,2,5,76,5,857,94,23,2019,98,386,138,18,4,6,67,4,156,42,5,91,25,6,196,79,9,20,166,3,12,92,5,29,59,9,10,41,0
2021-12-29,29-12-2021,3906,40320,175,0,610,1,575,7000,39,12,379,3,61,1083,4,0,677,0,0,696,4,0,809,2,0,443,1,815,2671,9,1969,18358,78,62,981,3,0,466,4,155,647,4,91,541,2,166,1983,7,0,1224,2,0,878,5,0,593,7,0,281,0
2021-12-30,30-12-2021,3440,62845,183,0,1044,1,444,11363,40,5,620,3,36,1968,4,0,1137,0,0,1034,5,0,1068,2,0,738,1,713,4163,8,1863,27240,80,61,1462,4,0,778,4,74,1041,4,78,1039,2,166,3067,9,0,2133,2,0,1473,5,0,1019,7,0,458,2
2021-12-31,31-12-2021,3270,67977,216,0,1181,3,354,12279,46,5,691,3,36,2169,4,0,1234,3,0,1141,5,0,1103,3,0,806,1,710,4593,10,1789,29129,91,60,1573,5,0,846,4,72,1181,6,78,1179,2,166,3284,12,0,2348,2,0,1628,5,0,1110,8,0,502,3
2022-01-01,01-01-2022,3255,71010,254,0,1248,4,349,12859,50,5,720,3,35,2303,6,0,1286,3,0,1210,6,0,1119,7,0,850,1,709,4875,11,1782,30244,111,59,1633,5,0,893,4,72,1243,6,78,1266,2,166,3385,16,0,2485,2,0,1705,6,0,1163,8,0,523,3
2022-01-02,02-01-2022,3228,73836,264,0,1339,4,349,13339,53,5,757,3,35,2415,6,0,1343,3,0,1246,6,0,1143,7,0,881,1,704,5136,12,1760,31322,114,59,1691,6,0,935,4,72,1296,8,78,1361,2,166,3496,16,0,2616,2,0,1763,6,0,1211,8,0,546,3
2022-01-03,03-01-2022,3194,79030,299,0,1552,5,343,14157,57,5,807,4,35,2610,6,0,1439,4,0,1350,6,0,1202,9,0,936,2,701,5576,14,1736,33254,132,59,1809,7,0,994,4,71,1413,9,78,1548,2,166,3734,18,0,2824,2,0,1940,6,0,1303,9,0,582,3
2022-01-04,04-01-2022,1993,85082,324,0,1761,7,167,15201,61,5,878,4,6,2834,6,0,1555,4,0,1461,6,0,1253,10,0,1009,2,420,6156,14,1248,35542,144,59,1938,10,0,1058,5,67,1525,10,14,1761,2,7,3931,19,0,3046,2,0,2156,6,0,1396,9,0,621,3
2022-01-05,05-01-2022,885,90977,416,0,1987,7,158,16225,66,5,944,6,6,3038,7,0,1663,8,0,1554,6,0,1281,11,0,1067,2,74,6656,52,630,37714,168,0,2056,10,0,1146,6,12,1651,14,0,2114,4,0,4123,23,0,3252,3,0,2356,8,0,1487,12,0,663,3
2022-01-06,06-01-2022,194,96818,525,0,2146,7,126,17244,88,0,1035,7,0,3245,8,0,1757,12,0,1653,7,0,1313,14,0,1140,3,17,7165,66,51,39777,209,0,2156,10,0,1231,7,0,1819,15,0,2495,7,0,4342,29,0,3488,3,0,2506,12,0,1599,16,0,707,5
2022-01-07,07-01-2022,38993,67732,612,1989,506,10,6831,12236,96,890,305,7,1321,2265,9,1181,747,14,775,1094,8,557,805,16,575,674,6,2442,5516,72,11083,32363,255,215,2139,11,580,795,9,1025,1034,15,1582,1326,11,1304,3378,31,2276,1617,7,2378,392,14,1217,527,15,772,13,6
2022-01-08,08-01-2022,39120,73072,681,1994,745,10,6755,13164,106,906,390,7,1327,2485,10,1202,835,18,790,1232,8,566,829,17,582,743,7,2442,5901,81,11086,34348,287,224,2231,17,580,879,9,1036,1145,15,1583,1560,12,1303,3543,35,2314,1829,7,2406,513,14,1220,649,15,804,51,6
2022-01-09,09-01-2022,39242,77117,764,1993,905,10,6740,13924,116,905,469,7,1327,2625,12,1218,895,18,792,1339,9,570,844,17,579,803,7,2449,6278,89,11151,35692,336,222,2307,20,583,947,9,1045,1251,16,1587,1701,16,1306,3693,38,2333,1991,9,2417,627,14,1219,742,15,806,84,6
2022-01-10,10-01-2022,44241,80831,866,2189,969,10,7625,14729,128,1007,557,8,1491,2811,14,1273,971,19,909,1401,10,586,859,18,650,898,9,3101,6219,118,11838,37966,380,705,2074,22,761,959,10,1245,1265,17,2083,1509,19,1505,3791,38,2508,2237,10,2607,651,15,1309,855,15,849,110,6
2022-01-11,11-01-2022,41076,84789,865,1814,1256,10,8257,13302,128,808,779,8,1047,3153,14,1159,1110,19,768,1535,10,490,935,18,455,1010,9,1525,6786,118,13291,39430,379,672,2217,22,678,1120,10,1002,1454,17,1873,1857,19,1103,4125,38,2031,2574,10,2273,877,15,1083,1089,15,747,180,6
2022-01-12,12-01-2022,40195,95563,1139,1809,1639,14,8560,15492,162,806,1035,9,1060,3658,21,1163,1451,27,781,1828,16,490,1028,21,452,1188,13,1975,6972,142,11442,42747,518,861,2380,27,688,1376,14,1007,1716,25,1876,2316,26,1081,4583,44,2037,3143,17,2274,1296,21,1089,1412,16,744,303,6
2022-01-13,13-01-2022,69259,63905,1231,2297,736,15,17612,5483,163,1341,477,9,2785,1949,22,1844,480,27,1489,1095,18,1013,416,23,901,785,14,3501,5516,151,19242,35759,585,1301,1889,27,1312,702,14,1432,1021,24,2250,1871,31,2875,3168,46,3638,877,17,2104,795,22,1732,645,16,590,241,7
2022-01-14,14-01-2022,55484,70491,1389,1503,952,15,14665,6825,170,991,618,9,2279,2201,24,1298,627,28,1252,1275,22,863,466,24,737,891,17,3096,5868,177,16115,37766,685,921,2090,31,1069,860,14,1362,1166,25,1856,2109,34,1980,3497,49,2949,1139,18,1068,972,23,1222,855,16,258,314,8
2022-01-15,15-01-2022,59095,64712,1388,1756,847,15,14597,5740,170,1059,510,9,2607,2001,24,1388,583,28,1174,1223,22,785,410,24,740,817,17,3387,5397,177,17815,35216,684,1139,1967,31,1262,728,14,1441,967,25,1651,1916,34,1998,3602,49,3209,987,18,1321,809,23,1483,693,16,283,299,8
2022-01-16,16-01-2022,59681,66761,1388,1757,891,15,14700,6145,170,1064,542,9,2626,2097,24,1391,639,28,1177,1275,22,788,433,24,738,862,17,3459,5488,177,18103,35876,684,1147,2040,31,1272,765,14,1458,1012,25,1652,1984,34,1993,3693,49,3223,1086,18,1324,886,23,1521,737,16,288,310,8
2022-01-17,17-01-2022,60785,70626,1383,1766,1030,15,14821,6880,169,1078,686,9,2660,2254,23,1395,730,28,1180,1361,22,797,468,24,738,922,17,3566,5691,174,18783,36839,684,1155,2176,31,1284,848,14,1486,1085,25,1658,2187,34,1993,3951,49,3243,1274,18,1339,1022,23,1544,870,16,299,352,8
2022-01-18,18-01-2022,51133,74016,2142,1537,1201,17,12049,7695,216,950,783,14,2448,2401,39,1334,865,33,1057,1490,33,783,492,31,564,980,26,2564,5746,276,16661,37454,1144,1046,2283,45,1075,939,23,1327,1188,33,975,2334,53,923,4162,74,3038,1453,23,1161,1136,27,1394,1029,25,247,385,10
2022-01-19,19-01-2022,84750,33660,2736,2254,184,17,16317,1452,272,1499,109,19,3584,605,51,1693,221,38,2214,170,38,1078,49,35,1172,296,49,4816,3292,350,28868,22534,1493,3205,274,54,1691,125,25,2283,163,60,2992,372,59,2700,2621,77,3740,398,24,2223,191,31,1835,478,31,586,126,13
2022-01-20,20-01-2022,74127,37625,2888,1957,291,17,14021,1993,281,1374,147,19,3010,759,53,1332,287,39,1943,198,39,917,55,35,1059,358,50,4442,3447,382,25888,24098,1578,2832,420,54,1411,204,25,1734,213,63,2839,539,61,2700,2842,91,2961,617,24,1813,321,31,1305,634,33,589,202,13
2022-01-21,21-01-2022,62032,41016,3013,1519,367,17,11227,2740,284,1063,208,20,2332,892,54,959,270,39,1716,252,39,750,60,35,949,437,50,3992,3594,408,23148,25259,1661,2463,556,55,1131,244,25,1592,290,64,2714,652,63,1793,3026,95,1872,774,25,1332,399,32,1050,752,34,430,244,13
2022-01-22,22-01-2022,57269,42588,3156,1569,430,19,9346,3099,290,1070,252,20,2337,959,57,965,302,39,1631,263,40,571,69,35,836,477,49,3618,3684,418,21335,25660,1764,2476,611,59,1138,265,26,1464,337,65,2577,711,65,1797,3113,97,1704,859,25,1338,425,33,1056,817,40,441,255,15
2022-01-23,23-01-2022,57265,44249,3243,1581,459,19,9326,3452,298,1071,284,21,2347,1015,58,966,315,41,1641,275,40,569,87,36,836,508,47,3626,3775,425,21376,26227,1819,2406,664,62,1138,298,26,1465,377,66,2579,758,65,1794,3169,103,1705,948,25,1339,482,34,1059,882,44,441,274,14
2022-01-24,24-01-2022,57116,47773,3365,1596,544,19,9282,4191,302,1070,354,24,2347,1130,58,967,372,42,1631,347,40,568,103,36,833,581,46,3616,3957,437,21302,27453,1904,2401,768,64,1136,377,28,1465,438,68,2573,885,67,1794,3342,109,1702,1075,27,1336,560,36,1054,1001,44,443,295,14
2022-01-25,25-01-2022,54077,41267,3498,1635,334,19,8521,2737,312,1077,210,27,2321,981,59,864,311,44,1757,149,41,620,1,37,805,405,48,2832,3490,443,20302,25926,1975,2409,651,67,1132,207,29,1517,174,67,2160,670,70,1573,2826,126,1817,732,31,1310,373,38,989,854,48,436,236,17
2022-01-26,26-01-2022,43642,44092,3619,1634,436,19,7288,3337,314,811,276,28,1685,1153,61,858,289,47,1503,255,42,629,8,37,663,452,46,2357,3621,450,14960,26862,2070,1693,817,68,833,282,29,1255,247,67,1719,800,76,1838,2718,127,1459,862,32,1311,437,40,713,973,49,433,267,17
2022-01-27,27-01-2022,61235,16023,3616,1385,209,19,9011,206,314,886,49,28,2074,205,61,563,151,47,961,102,42,482,8,37,888,127,46,4135,1449,449,26866,11456,2069,1858,112,68,827,40,29,900,116,67,2097,94,76,3698,1053,126,1759,243,32,1266,54,40,1201,158,49,378,191,17
2022-01-28,28-01-2022,52383,14433,3612,685,281,19,7245,405,314,560,86,28,1510,260,61,264,157,47,661,150,42,291,16,37,776,137,46,3553,1547,447,26175,8854,2067,1211,172,68,571,50,29,655,197,67,1708,162,76,2810,1192,126,1425,300,32,780,73,40,1273,191,49,230,203,17
2022-01-29,29-01-2022,46739,15474,3612,689,311,19,6201,565,314,569,124,28,1556,272,61,270,174,47,541,172,42,128,15,37,638,147,46,3069,1585,447,22805,9260,2067,1219,233,68,583,64,29,650,223,67,1283,223,76,2816,1278,126,1364,334,32,803,90,40,1318,197,49,237,207,17
2022-01-30,30-01-2022,46991,16292,3752,689,354,22,6234,749,312,572,145,30,1586,293,59,270,124,51,546,212,42,133,13,38,651,157,45,3082,1630,458,22876,9544,2161,1221,271,68,584,88,29,660,252,69,1282,255,79,2822,1319,136,1380,360,37,818,106,46,1336,208,53,249,212,17
2022-01-31,31-01-2022,47390,18836,3771,689,458,23,6352,1226,314,589,182,31,1623,368,59,270,160,51,557,272,42,147,20,38,675,188,45,3106,1764,459,22934,10476,2173,1222,367,68,584,129,29,675,302,70,1282,362,80,2827,1431,136,1412,454,37,843,142,46,1341,307,53,262,228,17
2022-02-01,01-02-2022,34006,21095,3833,361,525,26,3514,1624,319,410,225,31,1310,442,60,219,182,51,385,340,43,108,25,38,536,263,45,1935,1878,462,18083,11303,2214,961,416,68,376,179,30,446,344,70,717,460,80,1596,1538,137,1132,552,39,676,181,46,1027,375,56,214,243,18
2022-02-02,02-02-2022,26939,23366,3879,358,578,30,2804,2037,321,406,279,29,1077,534,61,219,202,52,354,374,43,107,32,39,531,326,44,1519,1971,465,13038,12182,2245,957,498,67,268,209,32,442,415,67,574,530,80,1586,1617,141,1005,635,41,678,223,46,803,461,57,213,263,19
2022-02-03,03-02-2022,42536,2026,3871,973,11,29,4401,404,320,718,20,29,1205,95,60,278,48,52,619,19,43,133,10,39,618,83,44,3076,78,462,21292,288,2248,1003,54,65,515,0,32,761,27,64,937,72,80,2678,584,141,1193,47,41,648,36,46,1123,15,57,365,135,19
2022-02-04,04-02-2022,31423,2285,3871,627,15,29,3382,466,320,374,23,29,613,110,60,171,48,52,622,22,43,47,12,39,498,89,44,2506,94,462,16701,368,2248,531,73,65,257,1,32,651,31,64,800,79,80,1605,603,141,927,53,41,348,42,46,584,21,57,179,135,19
