location,date,vaccine,source_url,total_vaccinations,people_vaccinated,people_fully_vaccinated,daily_vaccinated,daily_coronavac,total_coronavac,people_coronavac,fully_coronavac,daily_pfizer,total_pfizer,people_pfizer,fully_pfizer,daily_astrazeneca,total_astrazeneca,people_astrazeneca,fully_astrazeneca,daily_vacc_diff,daily_agenda_ini,daily_agenda,daily_agend_diff,daily_pogress,daily_region,daily_region_diff,daily_ar,total_ar,people_ar,fully_ar,daily_ca,total_ca,people_ca,fully_ca,daily_cl,total_cl,people_cl,fully_cl,daily_co,total_co,people_co,fully_co,daily_du,total_du,people_du,fully_du,daily_fd,total_fd,people_fd,fully_fd,daily_fs,total_fs,people_fs,fully_fs,daily_la,total_la,people_la,fully_la,daily_ma,total_ma,people_ma,fully_ma,daily_mo,total_mo,people_mo,fully_mo,daily_pa,total_pa,people_pa,fully_pa,daily_rn,total_rn,people_rn,fully_rn,daily_ro,total_ro,people_ro,fully_ro,daily_rv,total_rv,people_rv,fully_rv,daily_sa,total_sa,people_sa,fully_sa,daily_sj,total_sj,people_sj,fully_sj,daily_so,total_so,people_so,fully_so,daily_ta,total_ta,people_ta,fully_ta,daily_tt,total_tt,people_tt,fully_tt
Uruguay,2021-02-27,Sinovac,https://monitor.uruguaysevacuna.gub.uy/,374,374,0,374,374,374,374.0,0,0,0,0,0,0,0,0,0,0,,,,,372,2,4,4,4,0,27,27,27,0,3,3,3,0,7,7,7,0,5,5,5,0,0,0,0,0,1,1,1,0,2,2,2,0,22,22,22,0,210,210,210,0,8,8,8,0,0,0,0,0,4,4,4,0,26,26,26,0,26,26,26,0,6,6,6,0,11,11,11,0,9,9,9,0,1,1,1,0
Uruguay,2021-02-28,Sinovac,https://monitor.uruguaysevacuna.gub.uy/,375,375,0,1,0,374,0.0,0,1,1,1,0,0,0,0,0,0,,,,,0,1,0,4,4,0,0,27,27,0,0,3,3,0,0,7,7,0,0,5,5,0,0,0,0,0,0,1,1,0,0,2,2,0,0,22,22,0,0,210,210,0,0,8,8,0,0,0,0,0,0,4,4,0,0,26,26,0,0,26,26,0,0,6,6,0,0,11,11,0,0,9,9,0,0,1,1,0
Uruguay,2021-03-01,Sinovac,https://monitor.uruguaysevacuna.gub.uy/,18395,18395,0,18020,18020,18394,18020.0,0,0,1,0,0,0,0,0,0,0,,,,,18014,6,488,492,492,0,1368,1395,1395,0,778,781,781,0,727,734,734,0,621,626,626,0,543,543,543,0,244,245,245,0,349,351,351,0,1089,1111,1111,0,7022,7232,7232,0,545,553,553,0,465,465,465,0,488,492,492,0,860,886,886,0,615,641,641,0,538,544,544,0,574,585,585,0,509,518,518,0,191,192,192,0
Uruguay,2021-03-02,Sinovac,https://monitor.uruguaysevacuna.gub.uy/,33108,33108,0,14713,14710,33104,14710.0,0,3,4,3,0,0,0,0,0,0,,,,,14700,13,384,876,876,0,1656,3051,3051,0,266,1047,1047,0,377,1111,1111,0,449,1075,1075,0,410,953,953,0,243,488,488,0,338,689,689,0,415,1526,1526,0,6794,14026,14026,0,423,976,976,0,272,737,737,0,303,795,795,0,464,1350,1350,0,627,1268,1268,0,407,951,951,0,303,888,888,0,392,910,910,0,177,369,369,0
Uruguay,2021-03-03,Sinovac,https://monitor.uruguaysevacuna.gub.uy/,54404,54404,0,21296,21294,54398,21294.0,0,2,6,2,0,0,0,0,0,0,,,,,21244,52,493,1369,1369,0,2131,5182,5182,0,569,1616,1616,0,647,1758,1758,0,507,1582,1582,0,591,1544,1544,0,237,725,725,0,359,1048,1048,0,917,2443,2443,0,9817,23843,23843,0,556,1532,1532,0,323,1060,1060,0,457,1252,1252,0,716,2066,2066,0,669,1937,1937,0,557,1508,1508,0,495,1383,1383,0,757,1667,1667,0,446,815,815,0
Uruguay,2021-03-04,Sinovac,https://monitor.uruguaysevacuna.gub.uy/,63378,63378,0,8974,8974,63372,8974.0,0,0,6,0,0,0,0,0,0,0,,,,,8955,19,259,1628,1628,0,1519,6701,6701,0,184,1800,1800,0,203,1961,1961,0,143,1725,1725,0,200,1744,1744,0,98,823,823,0,255,1303,1303,0,319,2762,2762,0,3731,27574,27574,0,232,1764,1764,0,123,1183,1183,0,164,1416,1416,0,327,2393,2393,0,435,2372,2372,0,275,1783,1783,0,165,1548,1548,0,188,1855,1855,0,135,950,950,0
Uruguay,2021-03-05,Sinovac,https://monitor.uruguaysevacuna.gub.uy/,72572,72572,0,9194,9190,72562,9190.0,0,4,10,4,0,0,0,0,0,0,,,,,9196,-2,256,1884,1884,0,1379,8080,8080,0,204,2004,2004,0,287,2248,2248,0,175,1900,1900,0,281,2025,2025,0,65,888,888,0,200,1503,1503,0,374,3136,3136,0,3953,31527,31527,0,290,2054,2054,0,119,1302,1302,0,4,1420,1420,0,311,2704,2704,0,433,2805,2805,0,222,2005,2005,0,174,1722,1722,0,312,2167,2167,0,157,1107,1107,0
Uruguay,2021-03-06,Sinovac,https://monitor.uruguaysevacuna.gub.uy/,72572,72572,0,0,0,72562,0.0,0,0,10,0,0,0,0,0,0,0,,,,,0,0,0,1884,1884,0,0,8080,8080,0,0,2004,2004,0,0,2248,2248,0,0,1900,1900,0,0,2025,2025,0,0,888,888,0,0,1503,1503,0,0,3136,3136,0,0,31527,31527,0,0,2054,2054,0,0,1302,1302,0,0,1420,1420,0,0,2704,2704,0,0,2805,2805,0,0,2005,2005,0,0,1722,1722,0,0,2167,2167,0,0,1107,1107,0
Uruguay,2021-03-07,Sinovac,https://monitor.uruguaysevacuna.gub.uy/,72572,72572,0,0,0,72562,0.0,0,0,10,0,0,0,0,0,0,0,,,,,0,0,0,1884,1884,0,0,8080,8080,0,0,2004,2004,0,0,2248,2248,0,0,1900,1900,0,0,2025,2025,0,0,888,888,0,0,1503,1503,0,0,3136,3136,0,0,31527,31527,0,0,2054,2054,0,0,1302,1302,0,0,1420,1420,0,0,2704,2704,0,0,2805,2805,0,0,2005,2005,0,0,1722,1722,0,0,2167,2167,0,0,1107,1107,0
Uruguay,2021-03-08,Sinovac,https://monitor.uruguaysevacuna.gub.uy/,100706,100706,0,28134,28134,100696,28134.0,0,0,10,0,0,0,0,0,0,0,28558.0,28395.0,0.57%,99.08%,28142,-8,535,2419,2419,0,2674,10754,10754,0,811,2815,2815,0,1132,3380,3380,0,730,2630,2630,0,709,2734,2734,0,223,1111,1111,0,344,1847,1847,0,2370,5506,5506,0,12184,43711,43711,0,660,2714,2714,0,478,1780,1780,0,611,2031,2031,0,1160,3864,3864,0,690,3495,3495,0,832,2837,2837,0,786,2508,2508,0,713,2880,2880,0,500,1607,1607,0
Uruguay,2021-03-09,Sinovac,https://monitor.uruguaysevacuna.gub.uy/,122530,122530,0,21824,21821,122517,21821.0,0,3,13,3,0,0,0,0,0,0,22229.0,22082.0,0.66%,98.83%,21813,11,435,2854,2854,0,2590,13344,13344,0,332,3147,3147,0,698,4078,4078,0,278,2908,2908,0,569,3303,3303,0,224,1335,1335,0,337,2184,2184,0,1367,6873,6873,0,11258,54969,54969,0,535,3249,3249,0,204,1984,1984,0,316,2347,2347,0,508,4372,4372,0,695,4190,4190,0,532,3369,3369,0,316,2824,2824,0,403,3283,3283,0,216,1823,1823,0
Uruguay,2021-03-10,Sinovac,https://monitor.uruguaysevacuna.gub.uy/,147694,147694,0,25164,25164,147681,25164.0,0,0,13,0,0,0,0,0,0,0,25522.0,25522.0,0.00%,98.60%,25164,0,471,3325,3325,0,2819,16163,16163,0,496,3643,3643,0,819,4897,4897,0,509,3417,3417,0,537,3840,3840,0,211,1546,1546,0,361,2545,2545,0,1522,8395,8395,0,12267,67236,67236,0,598,3847,3847,0,336,2320,2320,0,645,2992,2992,0,740,5112,5112,0,721,4911,4911,0,668,4037,4037,0,503,3327,3327,0,596,3879,3879,0,345,2168,2168,0
Uruguay,2021-03-11,Sinovac,https://monitor.uruguaysevacuna.gub.uy/,170106,170106,0,22412,22407,170088,22407.0,0,5,18,5,0,0,0,0,0,0,17903.0,17903.0,0.00%,125.19%,22347,65,328,3653,3653,0,1380,17543,17543,0,825,4468,4468,0,609,5506,5506,0,601,4018,4018,0,458,4298,4298,0,175,1721,1721,0,447,2992,2992,0,1436,9831,9831,0,10362,77598,77598,0,505,4352,4352,0,357,2677,2677,0,376,3368,3368,0,1320,6432,6432,0,528,5439,5439,0,666,4703,4703,0,802,4129,4129,0,703,4582,4582,0,469,2637,2637,0
Uruguay,2021-03-12,"Sinovac, Pfizer/BioNTech",https://monitor.uruguaysevacuna.gub.uy/,192858,192858,0,22752,1772,171860,1772.0,0,20980,20998,20980,0,0,0,0,0,0,21722.0,21722.0,0.00%,104.74%,22745,7,361,4014,4014,0,2314,19857,19857,0,334,4802,4802,0,737,6243,6243,0,332,4350,4350,0,505,4803,4803,0,220,1941,1941,0,464,3456,3456,0,1262,11093,11093,0,11312,88910,88910,0,702,5054,5054,0,376,3053,3053,0,551,3919,3919,0,783,7215,7215,0,474,5913,5913,0,405,5108,5108,0,585,4714,4714,0,717,5299,5299,0,311,2948,2948,0
Uruguay,2021-03-13,"Sinovac, Pfizer/BioNTech",https://monitor.uruguaysevacuna.gub.uy/,203285,203285,0,10427,255,172115,255.0,0,10172,31170,10172,0,0,0,0,0,0,9521.0,9521.0,0.00%,109.52%,10414,13,237,4251,4251,0,451,20308,20308,0,166,4968,4968,0,617,6860,6860,0,147,4497,4497,0,102,4905,4905,0,0,1941,1941,0,0,3456,3456,0,466,11559,11559,0,6853,95763,95763,0,0,5054,5054,0,0,3053,3053,0,115,4034,4034,0,37,7252,7252,0,536,6449,6449,0,504,5612,5612,0,180,4894,4894,0,3,5302,5302,0,0,2948,2948,0
Uruguay,2021-03-14,"Sinovac, Pfizer/BioNTech",https://monitor.uruguaysevacuna.gub.uy/,203285,203285,0,0,0,172115,,0,0,31170,0,0,0,0,0,0,0,0.0,0.0,,,0,0,0,4251,4251,0,0,20308,20308,0,0,4968,4968,0,0,6860,6860,0,0,4497,4497,0,0,4905,4905,0,0,1941,1941,0,0,3456,3456,0,0,11559,11559,0,0,95763,95763,0,0,5054,5054,0,0,3053,3053,0,0,4034,4034,0,0,7252,7252,0,0,6449,6449,0,0,5612,5612,0,0,4894,4894,0,0,5302,5302,0,0,2948,2948,0
Uruguay,2021-03-15,"Sinovac, Pfizer/BioNTech",https://monitor.uruguaysevacuna.gub.uy/,214776,214776,0,11491,5213,177328,5213.0,0,6278,37448,6278,0,0,0,0,0,0,10615.0,10615.0,0.00%,108.25%,11626,-135,1525,5776,5776,0,1077,21385,21385,0,359,5327,5327,0,0,6860,6860,0,0,4497,4497,0,68,4973,4973,0,0,1941,1941,0,0,3456,3456,0,0,11559,11559,0,5405,101168,101168,0,333,5387,5387,0,0,3053,3053,0,333,4367,4367,0,2473,9725,9725,0,1,6450,6450,0,52,5664,5664,0,0,4894,4894,0,0,5302,5302,0,0,2948,2948,0
Uruguay,2021-03-16,"Sinovac, Pfizer/BioNTech",https://monitor.uruguaysevacuna.gub.uy/,221441,221441,0,6665,4643,181971,4643.0,0,2022,39470,2022,0,0,0,0,0,0,4696.0,4696.0,0.00%,141.93%,6234,431,856,6632,6632,0,118,21503,21503,0,387,5714,5714,0,0,6860,6860,0,0,4497,4497,0,0,4973,4973,0,0,1941,1941,0,0,3456,3456,0,0,11559,11559,0,2041,103209,103209,0,1,5388,5388,0,0,3053,3053,0,445,4812,4812,0,2386,12111,12111,0,0,6450,6450,0,0,5664,5664,0,0,4894,4894,0,0,5302,5302,0,0,2948,2948,0
Uruguay,2021-03-17,"Sinovac, Pfizer/BioNTech",https://monitor.uruguaysevacuna.gub.uy/,229331,229331,0,7890,6443,188414,6443.0,0,1447,40917,1447,0,0,0,0,0,0,4766.0,4766.0,0.00%,165.55%,7870,20,1492,8124,8124,0,0,21503,21503,0,372,6086,6086,0,0,6860,6860,0,0,4497,4497,0,0,4973,4973,0,0,1941,1941,0,0,3456,3456,0,0,11559,11559,0,3091,106300,106300,0,0,5388,5388,0,0,3053,3053,0,464,5276,5276,0,2451,14562,14562,0,0,6450,6450,0,0,5664,5664,0,0,4894,4894,0,0,5302,5302,0,0,2948,2948,0
Uruguay,2021-03-18,"Sinovac, Pfizer/BioNTech",https://monitor.uruguaysevacuna.gub.uy/,265887,265887,0,36556,36258,224672,36258.0,0,298,41215,298,0,0,0,0,0,0,36041.0,36041.0,0.00%,101.43%,36471,85,557,8681,8681,0,3263,24766,24766,0,1061,7147,7147,0,1117,7977,7977,0,975,5472,5472,0,1185,6158,6158,0,353,2294,2294,0,838,4294,4294,0,2715,14274,14274,0,16530,122830,122830,0,798,6186,6186,0,782,3835,3835,0,778,6054,6054,0,450,15012,15012,0,747,7197,7197,0,1125,6789,6789,0,1213,6107,6107,0,1160,6462,6462,0,824,3772,3772,0
Uruguay,2021-03-19,"Sinovac, Pfizer/BioNTech",https://monitor.uruguaysevacuna.gub.uy/,302089,302089,0,36202,36102,260774,36102.0,0,79,41294,79,0,21,21,21,0,0,34983.0,34983.0,0.00%,103.48%,35821,381,489,9170,9170,0,3421,28187,28187,0,1163,8310,8310,0,1441,9418,9418,0,913,6385,6385,0,1235,7393,7393,0,336,2630,2630,0,835,5129,5129,0,2948,17222,17222,0,14740,137570,137570,0,838,7024,7024,0,788,4623,4623,0,352,6406,6406,0,310,15322,15322,0,838,8035,8035,0,1118,7907,7907,0,1814,7921,7921,0,1177,7639,7639,0,1065,4837,4837,0
Uruguay,2021-03-20,"Sinovac, Pfizer/BioNTech",https://monitor.uruguaysevacuna.gub.uy/,314548,314548,0,12459,12448,273222,12448.0,0,11,41305,11,0,0,21,0,0,0,12533.0,12533.0,0.00%,99.41%,12430,29,206,9376,9376,0,498,28685,28685,0,0,8310,8310,0,1123,10541,10541,0,833,7218,7218,0,0,7393,7393,0,0,2630,2630,0,211,5340,5340,0,715,17937,17937,0,7012,144582,144582,0,0,7024,7024,0,0,4623,4623,0,0,6406,6406,0,0,15322,15322,0,854,8889,8889,0,729,8636,8636,0,213,8134,8134,0,0,7639,7639,0,36,4873,4873,0
Uruguay,2021-03-21,"Sinovac, Pfizer/BioNTech",https://monitor.uruguaysevacuna.gub.uy/,314558,314558,0,10,6,273228,6.0,0,4,41309,4,0,0,21,0,0,0,0.0,0.0,,,5,5,0,9376,9376,0,5,28690,28690,0,0,8310,8310,0,0,10541,10541,0,0,7218,7218,0,0,7393,7393,0,0,2630,2630,0,0,5340,5340,0,0,17937,17937,0,0,144582,144582,0,0,7024,7024,0,0,4623,4623,0,0,6406,6406,0,0,15322,15322,0,0,8889,8889,0,0,8636,8636,0,0,8134,8134,0,0,7639,7639,0,0,4873,4873,0
Uruguay,2021-03-22,"Sinovac, Pfizer/BioNTech",https://monitor.uruguaysevacuna.gub.uy/,352878,352878,0,38320,21414,294642,21414.0,0,16905,58214,16905,0,1,22,1,0,0,27961.0,27961.0,0.00%,137.05%,35795,2525,1099,10475,10475,0,3188,31878,31878,0,1744,10054,10054,0,826,11367,11367,0,1536,8754,8754,0,1541,8934,8934,0,560,3190,3190,0,506,5846,5846,0,3410,21347,21347,0,11598,156180,156180,0,729,7753,7753,0,621,5244,5244,0,1360,7766,7766,0,1865,17187,17187,0,1355,10244,10244,0,1446,10082,10082,0,1237,9371,9371,0,413,8052,8052,0,761,5634,5634,0
Uruguay,2021-03-23,"Sinovac, Pfizer/BioNTech",https://monitor.uruguaysevacuna.gub.uy/,389066,389066,0,36188,20424,315066,20424.0,0,15764,73978,15764,0,0,22,0,0,0,27422.0,27422.0,0.00%,131.97%,34033,2155,1155,11630,11630,0,3362,35240,35240,0,1709,11763,11763,0,744,12111,12111,0,1226,9980,9980,0,1489,10423,10423,0,288,3478,3478,0,346,6192,6192,0,3265,24612,24612,0,11327,167507,167507,0,789,8542,8542,0,898,6142,6142,0,866,8632,8632,0,1579,18766,18766,0,1220,11464,11464,0,1342,11424,11424,0,1351,10722,10722,0,212,8264,8264,0,865,6499,6499,0
Uruguay,2021-03-24,"Sinovac, Pfizer/BioNTech",https://monitor.uruguaysevacuna.gub.uy/,424442,424442,0,35376,25095,340161,25095.0,0,10281,84259,10281,0,0,22,0,0,0,32638.0,32638.0,0.00%,108.39%,33970,1406,1250,12880,12880,0,3208,38448,38448,0,1791,13554,13554,0,715,12826,12826,0,1344,11324,11324,0,1241,11664,11664,0,310,3788,3788,0,879,7071,7071,0,3032,27644,27644,0,8623,176130,176130,0,741,9283,9283,0,844,6986,6986,0,1635,10267,10267,0,2414,21180,21180,0,1039,12503,12503,0,1280,12704,12704,0,1568,12290,12290,0,1049,9313,9313,0,1007,7506,7506,0
Uruguay,2021-03-25,"Sinovac, Pfizer/BioNTech",https://monitor.uruguaysevacuna.gub.uy/,467823,467823,0,43381,34301,374462,34301.0,0,9080,93339,9080,0,0,22,0,0,0,42437.0,42437.0,0.00%,102.22%,42060,1321,1191,14071,14071,0,3155,41603,41603,0,1755,15309,15309,0,1806,14632,14632,0,1314,12638,12638,0,1287,12951,12951,0,275,4063,4063,0,843,7914,7914,0,3112,30756,30756,0,16588,192718,192718,0,676,9959,9959,0,816,7802,7802,0,1139,11406,11406,0,2333,23513,23513,0,998,13501,13501,0,1476,14180,14180,0,1313,13603,13603,0,1091,10404,10404,0,892,8398,8398,0
Uruguay,2021-03-26,"Sinovac, Pfizer/BioNTech",https://monitor.uruguaysevacuna.gub.uy/,508987,508987,0,41164,32582,407044,32582.0,0,8582,101921,8582,0,0,22,0,0,0,40726.0,40726.0,0.00%,101.08%,40650,514,1183,15254,15254,0,3145,44748,44748,0,1742,17051,17051,0,1875,16507,16507,0,1298,13936,13936,0,1238,14189,14189,0,302,4365,4365,0,859,8773,8773,0,3174,33930,33930,0,14950,207668,207668,0,679,10638,10638,0,846,8648,8648,0,656,12062,12062,0,2473,25986,25986,0,997,14498,14498,0,1464,15644,15644,0,1345,14948,14948,0,1226,11630,11630,0,1198,9596,9596,0
Uruguay,2021-03-27,"Sinovac, Pfizer/BioNTech",https://monitor.uruguaysevacuna.gub.uy/,522177,521803,374,13190,9946,416990,9946.0,0,3244,105165,3244,0,0,22,0,0,0,12896.0,12896.0,0.00%,102.28%,13065,125,401,15655,15651,4,420,45168,45141,27,0,17051,17048,3,1625,18132,18125,7,953,14889,14884,5,0,14189,14189,0,1,4366,4365,1,426,9199,9197,2,3,33933,33911,22,7217,214885,214675,210,0,10638,10630,8,0,8648,8648,0,33,12095,12091,4,0,25986,25960,26,857,15355,15329,26,762,16406,16400,6,223,15171,15160,11,0,11630,11621,9,144,9740,9739,1
Uruguay,2021-03-28,"Sinovac, Pfizer/BioNTech",https://monitor.uruguaysevacuna.gub.uy/,522185,521811,374,8,5,416995,5.0,0,3,105168,3,0,0,22,0,0,0,0.0,0.0,,,1,7,0,15655,15647,4,0,45168,45114,27,0,17051,17045,3,0,18132,18118,7,0,14889,14879,5,0,14189,14189,0,0,4366,4364,1,0,9199,9195,2,0,33933,33889,22,0,214885,214465,210,0,10638,10622,8,1,8649,8649,0,0,12095,12087,4,0,25986,25934,26,0,15355,15303,26,0,16406,16394,6,0,15171,15149,11,0,11630,11612,9,0,9740,9738,1
Uruguay,2021-03-29,"Sinovac, Pfizer/BioNTech",https://monitor.uruguaysevacuna.gub.uy/,576564,558370,18194,54379,45620,462615,28392.0,17228,8759,113927,8715,44,0,22,0,0,0,36987.0,54988.0,-48.67%,98.89%,52582,1797,1508,17163,16668,487,3433,48601,47167,1380,2278,19329,18551,772,2226,20358,19618,726,1536,16425,15796,619,1640,15829,15292,537,492,4858,4614,242,1128,10327,9976,347,3234,37167,36024,1099,20932,235817,228243,7154,1144,11782,11219,547,1154,9803,9343,460,1094,13189,12694,487,2740,28726,27798,876,1490,16845,16159,634,1499,17905,17355,538,2287,17458,16857,579,1585,13215,12685,512,1182,10922,10730,190
Uruguay,2021-03-30,"Sinovac, Pfizer/BioNTech",https://monitor.uruguaysevacuna.gub.uy/,628692,596196,32496,52128,43539,506154,29660.0,13879,8589,122516,8549,40,0,22,0,0,0,53625.0,53625.0,0.00%,97.21%,43103,9025,1216,18379,17024,860,3262,51863,47439,2990,1603,20932,19123,1031,1808,22166,20334,1092,1384,17809,16125,1055,1533,17362,15889,936,480,5338,4616,478,975,11302,10275,676,2132,39299,36654,1502,15920,251737,230405,13758,942,12724,11203,958,843,10646,9462,724,929,14118,12841,782,2706,31432,29177,1327,1400,18245,16316,1243,1625,19530,18046,934,2026,19484,18009,874,1300,14515,13092,893,1019,11941,11387,362
Uruguay,2021-03-31,"Sinovac, Pfizer/BioNTech",https://monitor.uruguaysevacuna.gub.uy/,672971,622671,50300,57991,49754,555908,29459.0,20295,8237,130753,8215,22,0,22,0,0,0,38423.0,59470.0,-54.78%,97.51%,64660,-6669,1530,19909,18731,1178,5619,57482,53536,3946,2306,23238,21724,1514,2134,24300,22579,1721,1391,19200,17661,1539,1665,19027,17558,1469,502,5840,5122,718,1205,12507,11493,1014,3543,42842,40505,2337,27691,279428,257041,22387,1206,13930,12462,1468,1078,11724,10758,966,1927,16045,14882,1163,3483,34915,32994,1921,1593,19838,18019,1819,2018,21548,20139,1409,2572,22056,20747,1309,2018,16533,14962,1571,1179,13120,12328,792
Uruguay,2021-04-01,"Sinovac, Pfizer/BioNTech",https://monitor.uruguaysevacuna.gub.uy/,722720,663677,59043,47912,39251,595159,30786.0,8465,8661,139414,8620,41,0,22,0,0,0,49482.0,49482.0,0.00%,96.83%,49951,-2039,1320,21229,19820,1409,4947,62429,56893,5536,1631,24869,23185,1684,2062,26362,24445,1917,1139,20339,18658,1681,1261,20288,18611,1677,336,6176,5360,816,1009,13516,12260,1256,2852,45694,43033,2661,18795,298223,272243,25980,1600,15530,13835,1695,903,12627,11551,1076,1236,17281,15926,1355,3126,38041,35816,2225,1314,21152,18935,2217,1665,23213,21536,1677,2283,24339,22879,1460,1386,17919,16162,1757,1086,14206,13292,914
Uruguay,2021-04-02,"Sinovac, Pfizer/BioNTech",https://monitor.uruguaysevacuna.gub.uy/,772120,704237,67883,48812,39705,634864,31034.0,8671,9107,148521,9080,27,0,22,0,0,0,49563.0,49563.0,0.00%,98.48%,49579,-767,1327,22556,20909,1647,5006,67435,60427,7008,1773,26642,24770,1872,2165,28527,26323,2204,1191,21530,19684,1846,1504,21792,19852,1940,339,6515,5633,882,1027,14543,13092,1451,2927,48621,45599,3022,17412,315635,285924,29711,1575,17105,15148,1957,1001,13628,12442,1186,1156,18437,17052,1385,3225,41266,38759,2507,1368,22520,19878,2642,1700,24913,23027,1886,2132,26471,24826,1645,1423,19342,17287,2055,1328,15534,14469,1065
Uruguay,2021-04-03,"Sinovac, Pfizer/BioNTech",https://monitor.uruguaysevacuna.gub.uy/,784804,716835,67969,12269,9023,643887,8984.0,39,3246,151767,3240,6,0,22,0,0,0,12312.0,12312.0,0.00%,99.65%,12518,-249,7,22563,20916,1647,530,67965,60957,7008,9,26651,24779,1872,1539,30066,27862,2204,702,22232,20386,1846,7,21799,19859,1940,3,6518,5636,882,401,14944,13493,1451,76,48697,45675,3022,6910,322545,292834,29711,12,17117,15160,1957,6,13634,12448,1186,15,18452,17067,1385,249,41515,39008,2507,823,23343,20688,2655,851,25764,23878,1886,218,26689,25044,1645,9,19351,17296,2055,151,15685,14615,1070
Uruguay,2021-04-04,"Sinovac, Pfizer/BioNTech",https://monitor.uruguaysevacuna.gub.uy/,785158,717186,67972,1,0,643887,0.0,0,1,151768,1,0,0,22,0,0,0,0.0,0.0,,,374,-373,0,22563,20916,1647,0,67965,60957,7008,0,26651,24779,1872,0,30066,27862,2204,6,22238,20392,1846,0,21799,19859,1940,0,6518,5636,882,0,14944,13493,1451,57,48754,45732,3022,276,322821,293110,29711,0,17117,15160,1957,0,13634,12448,1186,0,18452,17067,1385,11,41526,39019,2507,13,23356,20701,2655,11,25775,23889,1886,0,26689,25044,1645,0,19351,17296,2055,0,15685,14615,1070
Uruguay,2021-04-05,"Sinovac, Pfizer/BioNTech",https://monitor.uruguaysevacuna.gub.uy/,823477,727680,95797,38116,37448,681335,9951.0,27497,668,152436,645,23,0,22,0,0,0,38472.0,38472.0,0.00%,99.07%,38472,-356,531,23094,20939,2155,3592,71557,61369,10188,1299,27950,25299,2651,1135,31201,27888,3313,927,23165,20605,2560,1082,22881,20247,2634,225,6743,5652,1091,513,15457,13664,1793,2490,51244,45903,5341,18242,341063,299467,41596,1313,18430,15816,2614,752,14386,12749,1637,733,19185,17193,1992,1336,42862,39225,3637,664,24020,20714,3306,828,26603,23913,2690,1066,27755,25338,2417,1097,20448,17696,2752,647,16332,14772,1560
Uruguay,2021-04-06,"Sinovac, Pfizer/BioNTech",https://monitor.uruguaysevacuna.gub.uy/,866866,749796,117070,43683,43048,724383,21852.0,21196,635,153071,625,10,0,22,0,0,0,45075.0,45075.0,0.00%,96.91%,43323,360,1006,24100,21535,2565,3416,74973,62252,12721,1165,29115,26150,2965,1200,32401,28410,3991,808,23973,21142,2831,1046,23927,20739,3188,225,6968,5657,1311,904,16361,14237,2124,2376,53620,46930,6690,19900,360963,308450,52513,1397,19827,16700,3127,735,15121,13293,1828,978,20163,17845,2318,1726,44588,40463,4125,1700,25720,21737,3983,1584,28187,24973,3214,1233,28988,26261,2727,1126,21574,18431,3143,798,17130,15363,1767
Uruguay,2021-04-07,"Sinovac, Pfizer/BioNTech",https://monitor.uruguaysevacuna.gub.uy/,912371,770887,141484,45813,45803,770186,21463.0,24340,9,153080,9,0,1,23,1,0,0,47667.0,47667.0,0.00%,96.11%,45595,218,1156,25256,22251,3005,4064,79037,63489,15548,1442,30557,27117,3440,1240,33641,28841,4800,690,24663,21348,3315,943,24870,21155,3715,233,7201,5678,1523,719,17080,14602,2478,2528,56148,47975,8173,20038,381001,316603,64398,1707,21534,17810,3724,782,15903,13756,2147,1704,21867,18919,2948,1846,46434,41592,4842,1713,27433,22746,4687,1305,29492,25637,3855,1352,30340,27134,3206,1320,22894,19175,3719,813,17943,15853,2090
Uruguay,2021-04-08,"Sinovac, Pfizer/BioNTech",https://monitor.uruguaysevacuna.gub.uy/,960832,798083,162749,48380,48370,818556,27138.0,21232,10,153090,8,2,0,23,0,0,0,45462.0,45462.0,0.00%,106.42%,48440,-60,1335,26591,23273,3318,4536,83573,66670,16903,1693,32250,28013,4237,1630,35271,29884,5387,1705,26368,22475,3893,1082,25952,21807,4145,562,7763,6073,1690,731,17811,14903,2908,3915,60063,50503,9560,18657,399658,325448,74210,1659,23193,19004,4189,706,16609,14161,2448,1015,22882,19564,3318,2693,49127,43015,6112,1580,29013,23808,5205,1257,30749,26300,4449,1418,31758,27789,3969,1190,24084,19695,4389,1076,19019,16494,2525
Uruguay,2021-04-09,"Sinovac, Pfizer/BioNTech",https://monitor.uruguaysevacuna.gub.uy/,998112,808486,189626,39279,10550,829106,9814.0,736,28729,181819,1899,26830,0,23,0,0,0,35323.0,35323.0,0.00%,111.20%,37621,1658,320,26911,23310,3601,5712,89285,69202,20083,431,32681,28148,4533,1553,36824,30602,6222,896,27264,23000,4264,575,26527,21835,4692,218,7981,6081,1900,473,18284,14921,3363,2605,62668,51758,10910,16722,416380,328212,88168,1910,25103,19947,5156,388,16997,14202,2795,1207,24089,20171,3918,1128,50255,43492,6763,704,29717,23862,5855,909,31658,26743,4915,680,32438,27822,4616,846,24930,19844,5086,344,19363,16535,2828
Uruguay,2021-04-10,"Sinovac, Pfizer/BioNTech",https://monitor.uruguaysevacuna.gub.uy/,1024533,825641,198892,26872,3738,832844,3559.0,179,23134,204953,14205,8929,0,23,0,0,0,26450.0,26450.0,0.00%,101.60%,26356,516,619,27530,23750,3780,1472,90757,70262,20495,143,32824,28148,4676,1343,38167,31476,6691,785,28049,23690,4359,124,26651,21855,4796,2,7983,6081,1902,643,18927,15564,3363,646,63314,52119,11195,18103,434483,339682,94801,883,25986,20830,5156,6,17003,14208,2795,67,24156,20208,3948,0,50255,43492,6763,359,30076,23915,6161,967,32625,27244,5381,184,32622,27931,4691,10,24940,19854,5086,0,19363,16535,2828
Uruguay,2021-04-11,"Sinovac, Pfizer/BioNTech",https://monitor.uruguaysevacuna.gub.uy/,1024657,825762,198895,360,358,833202,353.0,5,1,204954,1,0,1,24,1,0,0,358.0,358.0,0.00%,100.56%,160,200,0,27530,23750,3780,118,90875,70321,20554,0,32824,28148,4676,0,38167,31476,6691,0,28049,23690,4359,42,26693,21897,4796,0,7983,6081,1902,0,18927,15564,3363,0,63314,52119,11195,0,434483,339682,94801,0,25986,20830,5156,0,17003,14208,2795,0,24156,20208,3948,0,50255,43492,6763,0,30076,23915,6161,0,32625,27244,5381,0,32622,27931,4691,0,24940,19854,5086,0,19363,16535,2828
Uruguay,2021-04-12,"Sinovac, Pfizer/BioNTech",https://monitor.uruguaysevacuna.gub.uy/,1078620,872473,206147,52255,41808,875010,34920.0,6888,10447,215401,10010,437,0,24,0,0,0,56507.0,56507.0,0.00%,92.48%,53783,-1528,1864,29394,24130,5264,4418,95293,74621,20672,1576,34400,29357,5043,1721,39888,33197,6691,2005,30054,25672,4382,1615,28308,23498,4810,584,8567,6662,1905,1298,20225,16856,3369,4676,67990,56719,11271,17550,452033,354745,97288,2232,28218,23050,5168,734,17737,14931,2806,882,25038,20868,4170,3192,53447,44328,9119,2084,32160,25973,6187,2597,35222,29830,5392,1562,34184,29459,4725,2083,27023,21918,5105,1110,20473,17630,2843
Uruguay,2021-04-13,"Sinovac, Pfizer/BioNTech",https://monitor.uruguaysevacuna.gub.uy/,1133002,918928,214074,56204,43897,918907,36204.0,7693,12305,227706,10122,2183,2,26,2,0,0,56217.0,56958.0,-1.32%,98.68%,54216,1988,2029,31423,25219,6204,4535,99828,79038,20790,1666,36066,30638,5428,1761,41649,34945,6704,1800,31854,27436,4418,1359,29667,24850,4817,657,9224,7311,1913,1321,21546,18172,3374,4048,72038,60748,11290,17965,469998,369255,100743,2281,30499,25319,5180,770,18507,15695,2812,1326,26364,21601,4763,3366,56813,45349,11464,1978,34138,27951,6187,2644,37866,32462,5404,1569,35753,31020,4733,1989,29012,23889,5123,1152,21625,18777,2848
Uruguay,2021-04-14,"Sinovac, Pfizer/BioNTech",https://monitor.uruguaysevacuna.gub.uy/,1188238,966016,222222,55878,44152,963059,36468.0,7684,11726,239432,10367,1359,0,26,0,0,0,57782.0,57907.0,-0.22%,96.50%,55049,829,2081,33504,26010,7494,4476,104304,83455,20849,1551,37617,31812,5805,1801,43450,36733,6717,1829,33683,29253,4430,1338,31005,26181,4824,583,9807,7894,1913,1363,22909,19529,3380,4068,76106,64797,11309,18380,488378,384042,104336,2375,32874,27670,5204,805,19312,16494,2818,1674,28038,22942,5096,3084,59897,46109,13788,2191,36329,30142,6187,2749,40615,35199,5416,1595,37348,32615,4733,2066,31078,25945,5133,1040,22665,19817,2848
Uruguay,2021-04-15,"Sinovac, Pfizer/BioNTech",https://monitor.uruguaysevacuna.gub.uy/,1249784,996581,253203,61761,50858,1013917,19420.0,31438,10903,250335,10763,140,0,26,0,0,0,63715.0,63715.0,0.00%,96.93%,61579,182,1722,35226,27076,8150,6890,111194,87931,23263,1648,39265,32457,6808,2270,45720,37920,7800,2064,35747,30368,5379,1608,32613,26631,5982,503,10310,8050,2260,1935,24844,20644,4200,4752,80858,67002,13856,21145,509523,392749,116774,2412,35286,29282,6004,972,20284,16714,3570,1251,29289,23497,5792,2475,62372,48139,14233,1727,38056,31138,6918,2936,43551,37040,6511,2106,39454,33546,5908,1915,32993,26754,6239,1248,23913,20277,3636
Uruguay,2021-04-16,"Sinovac, Pfizer/BioNTech",https://monitor.uruguaysevacuna.gub.uy/,1310591,1025979,284612,60267,49635,1063552,18382.0,31253,10632,260967,10430,202,0,26,0,0,0,59836.0,59836.0,0.00%,100.72%,60782,-515,1476,36702,28008,8694,8128,119322,92525,26797,1568,40833,32896,7937,2530,48250,39015,9235,2306,38053,31783,6270,1706,34319,27131,7188,498,10808,8217,2591,2007,26851,21830,5021,4999,85857,68998,16859,18656,528179,400626,127553,2411,37697,30869,6828,960,21244,16939,4305,897,30186,23853,6333,2345,64717,50180,14537,1979,40035,32294,7741,2842,46393,38799,7594,2350,41804,34461,7343,1897,34890,27535,7355,1227,25140,20555,4585
Uruguay,2021-04-17,"Sinovac, Pfizer/BioNTech, Oxford/AstraZeneca",https://monitor.uruguaysevacuna.gub.uy/,1345004,1050626,294378,34563,13855,1077407,4570.0,9285,3539,264506,3403,136,17169,17195,17169,0,0,36598.0,36654.0,-0.15%,94.30%,34563,0,828,37530,28649,8881,9836,129158,101536,27622,1299,42132,34195,7937,1801,50051,39720,10331,826,38879,31795,7084,6,34325,27137,7188,29,10837,8246,2591,619,27470,22243,5227,723,86580,69036,17544,7324,535503,403942,131561,2912,40609,33734,6875,776,22020,17715,4305,1815,32001,25653,6348,2617,67334,52797,14537,2018,42053,33489,8564,932,47325,38892,8433,202,42006,34461,7545,0,34890,27535,7355,0,25140,20555,4585
Uruguay,2021-04-18,"Sinovac, Pfizer/BioNTech, Oxford/AstraZeneca",https://monitor.uruguaysevacuna.gub.uy/,1357689,1063228,294461,14418,811,1078218,789.0,22,294,264800,292,2,13313,30508,13313,0,0,16754.0,16892.0,-0.82%,85.35%,12815,1603,798,38328,29425,8903,7303,136461,108780,27681,887,43019,35082,7937,0,50051,39720,10331,0,38879,31795,7084,0,34325,27137,7188,0,10837,8246,2591,53,27523,22296,5227,0,86580,69036,17544,553,536056,404495,131561,0,40609,33734,6875,769,22789,18484,4305,1474,33475,27120,6355,0,67334,52797,14537,969,43022,34458,8564,0,47325,38892,8433,9,42015,34470,7545,0,34890,27535,7355,0,25140,20555,4585
Uruguay,2021-04-19,"Sinovac, Pfizer/BioNTech, Oxford/AstraZeneca",https://monitor.uruguaysevacuna.gub.uy/,1396009,1071821,324188,37953,22051,1100269,2490.0,19561,15009,279809,4475,10534,893,31401,893,0,0,32681.0,32681.0,0.00%,116.13%,38598,-645,1409,39737,29775,9962,6184,142645,112137,30508,1720,44739,35118,9621,873,50924,39954,10970,1316,40195,31825,8370,1629,35954,27366,8588,451,11288,8321,2967,874,28397,22686,5711,3763,90343,69245,21098,10088,546144,406983,139161,968,41577,33997,7580,585,23374,18519,4855,1260,34735,27157,7578,1725,69059,52818,16241,1408,44430,34710,9720,1467,48792,39253,9539,1216,43231,34503,8728,763,35653,27907,7746,899,26039,20620,5419
Uruguay,2021-04-20,"Sinovac, Pfizer/BioNTech, Oxford/AstraZeneca",https://monitor.uruguaysevacuna.gub.uy/,1436135,1081873,354262,39843,23910,1124179,5214.0,18696,15336,295145,3500,11836,597,31998,597,0,0,34978.0,34978.0,0.00%,113.91%,40248,-405,1432,41169,30312,10857,6242,148887,115435,33452,1684,46423,35180,11243,1148,52072,40333,11739,1333,41528,31901,9627,1414,37368,27401,9967,350,11638,8368,3270,654,29051,23057,5994,3612,93955,69397,24558,10503,556647,409332,147315,1539,43116,34856,8260,1470,24844,19150,5694,1000,35735,27246,8489,1499,70558,52829,17729,1673,46103,35029,11074,1759,50551,39556,10995,1293,44524,34528,9996,734,36387,28372,8015,909,26948,20721,6227
Uruguay,2021-04-21,"Sinovac, Pfizer/BioNTech, Oxford/AstraZeneca",https://monitor.uruguaysevacuna.gub.uy/,1478478,1091348,387130,40571,27751,1151930,4351.0,23400,12052,307197,3169,8883,768,32766,768,0,0,38955.0,38955.0,0.00%,104.15%,43286,-2715,1663,42832,30789,12043,6892,155779,119146,36633,1747,48170,35225,12945,1083,53155,40724,12431,1433,42961,31960,11001,1303,38671,27442,11229,485,12123,8411,3712,980,30031,23158,6873,3307,97262,69492,27770,10641,567288,411958,155330,1589,44705,35764,8941,1447,26291,19804,6487,1755,37490,27312,10178,2313,72871,52873,19998,1261,47364,35321,12043,1631,52182,39847,12335,1318,45842,34579,11263,1358,37745,28716,9029,1080,28028,20827,7201
Uruguay,2021-04-22,"Sinovac, Pfizer/BioNTech, Oxford/AstraZeneca",https://monitor.uruguaysevacuna.gub.uy/,1529024,1100940,428084,49148,36461,1188391,4499.0,31962,12036,319233,3333,8703,651,33417,651,0,0,48377.0,48377.0,0.00%,101.59%,51163,-2015,1395,44227,31006,13221,6713,162492,122797,39695,1765,49935,35315,14620,2139,55294,40959,14335,1333,44294,32025,12269,1248,39919,27477,12442,408,12531,8517,4014,1127,31158,23453,7705,3193,100455,69587,30868,19071,586359,414998,171361,1611,46316,36719,9597,1250,27541,20290,7251,1178,38668,27364,11304,2312,75183,52873,22310,1050,48414,35388,13026,1548,53730,40196,13534,1318,47160,34621,12539,1423,39168,29060,10108,1081,29109,20908,8201
Uruguay,2021-04-23,"Sinovac, Pfizer/BioNTech, Oxford/AstraZeneca",https://monitor.uruguaysevacuna.gub.uy/,1579973,1113337,466636,50322,34939,1223330,4850.0,30089,14637,333870,6381,8256,746,34163,746,0,0,49323.0,49323.0,0.00%,102.03%,49821,501,1408,45635,31311,14324,6538,169030,126272,42758,1810,51745,35539,16206,2505,57799,41546,16253,1287,45581,32061,13520,1227,41146,27505,13641,585,13116,8792,4324,985,32143,23624,8519,3801,104256,70347,33909,16721,603080,417485,185595,1624,47940,37674,10266,1406,28947,20944,8003,956,39624,27624,12000,2280,77463,52883,24580,1009,49423,35441,13982,1701,55431,40592,14839,1368,48528,34688,13840,1534,40702,29534,11168,1076,30185,20994,9191
Uruguay,2021-04-24,"Sinovac, Pfizer/BioNTech, Oxford/AstraZeneca",https://monitor.uruguaysevacuna.gub.uy/,1601593,1122340,479253,21528,12134,1235464,2602.0,9532,8899,342769,5910,2989,495,34658,495,0,0,22053.0,22053.0,0.00%,97.62%,22096,-568,978,46613,31893,14720,1414,170444,127215,43229,0,51745,35539,16206,2204,60003,42263,17740,1291,46872,32438,14434,35,41181,27512,13669,393,13509,9182,4327,478,32621,23683,8938,2034,106290,72362,33928,8292,611372,418729,192643,429,48369,38103,10266,0,28947,20944,8003,156,39780,27772,12008,0,77463,52883,24580,903,50326,35507,14819,700,56131,40616,15515,1384,49912,35770,14142,0,40702,29534,11168,1405,31590,22257,9333
Uruguay,2021-04-25,"Sinovac, Pfizer/BioNTech, Oxford/AstraZeneca",https://monitor.uruguaysevacuna.gub.uy/,1602385,1123099,479286,506,506,1235970,485.0,21,0,342769,0,0,0,34658,0,0,0,491.0,527.0,-7.33%,96.02%,702,-196,0,46613,31893,14720,471,170915,127686,43229,0,51745,35539,16206,0,60003,42263,17740,0,46872,32438,14434,0,41181,27512,13669,0,13509,9182,4327,88,32709,23771,8938,0,106290,72362,33928,138,611510,418867,192643,0,48369,38103,10266,0,28947,20944,8003,0,39780,27772,12008,0,77463,52883,24580,0,50326,35507,14819,0,56131,40616,15515,0,49912,35770,14142,0,40702,29534,11168,5,31595,22257,9338
Uruguay,2021-04-26,"Sinovac, Pfizer/BioNTech, Oxford/AstraZeneca",https://monitor.uruguaysevacuna.gub.uy/,1648863,1132434,516429,44473,30706,1266676,3086.0,27620,13093,355862,4693,8400,674,35332,674,0,0,44818.0,44818.0,0.00%,99.23%,47111,-2638,1349,47962,32251,15711,5536,176451,129924,46527,1550,53295,35566,17729,2192,62195,42994,19201,968,47840,32468,15372,1310,42491,27657,14834,310,13819,9261,4558,1098,33807,23948,9859,3042,109332,73237,36095,18518,630028,422737,207291,680,49049,38175,10874,892,29839,21129,8710,867,40647,27824,12823,1932,79395,52894,26501,1168,51494,35799,15695,1304,57435,40977,16458,2006,51918,35896,16022,1329,42031,29794,12237,1060,32655,22363,10292
Uruguay,2021-04-27,"Sinovac, Pfizer/BioNTech, Oxford/AstraZeneca",https://monitor.uruguaysevacuna.gub.uy/,1695351,1141157,554194,44513,31188,1297864,2595.0,28593,12760,368622,4724,8036,565,35897,565,0,0,45588.0,45588.0,0.00%,97.64%,46593,-2080,1641,49603,32788,16815,4948,181399,131691,49708,1486,54781,35601,19180,2113,64308,43620,20688,997,48837,32491,16346,1164,43655,27692,15963,321,14140,9357,4783,803,34610,24002,10608,3079,112411,74111,38300,17965,647993,426468,221525,645,49694,38211,11483,793,30632,21274,9358,814,41461,27853,13608,2606,82001,52905,29096,1142,52636,36091,16545,1910,59345,41198,18147,1913,53831,35980,17851,1284,43315,29980,13335,969,33624,22433,11191
Uruguay,2021-04-28,"Sinovac, Pfizer/BioNTech, Oxford/AstraZeneca",https://monitor.uruguaysevacuna.gub.uy/,1740390,1149611,590779,43666,30059,1327923,2148.0,27911,13067,381689,5082,7985,540,36437,540,0,0,44550.0,44550.0,0.00%,98.02%,45467,-1801,1506,51109,33138,17971,5123,186522,133693,52829,1398,56179,35655,20524,1918,66226,44142,22084,920,49757,32544,17213,1117,44772,27720,17052,275,14415,9420,4995,896,35506,24131,11375,2566,114977,74510,40467,17136,665129,430199,234930,656,50350,38270,12080,805,31437,21367,10070,1400,42861,27905,14956,2638,84639,52970,31669,1275,53911,36503,17408,1607,60952,41396,19556,2073,55904,36089,19815,1339,44654,30213,14441,819,34443,22595,11848
Uruguay,2021-04-29,"Sinovac, Pfizer/BioNTech, Oxford/AstraZeneca",https://monitor.uruguaysevacuna.gub.uy/,1786671,1157297,629374,45105,31597,1359520,2097.0,29500,12977,394666,4738,8239,531,36968,531,0,0,45820.0,45820.0,0.00%,98.44%,46499,-1394,1388,52497,33467,19030,4594,191116,135519,55597,1442,57621,35709,21912,2100,68326,44442,23884,1009,50766,32562,18204,1005,45777,27727,18050,365,14780,9510,5270,803,36309,24190,12119,2585,117562,74928,42634,18104,683233,433516,249717,1361,51711,38318,13393,821,32258,21459,10799,993,43854,27957,15897,2725,87364,53057,34307,1115,55026,36755,18271,1608,62560,41676,20884,1948,57852,36232,21620,1377,46031,30455,15576,1156,35599,22817,12782
